player,team,position,height_cm,weight_kg
Scott Thompson,Adelaide,Midfielder,185,85
Richard Douglas,Adelaide,Midfielder,180,80
Rory Sloane,Adelaide,Midfielder,183,85
Patrick Dangerfield,Adelaide,Midfielder,185,92
Bernie Vince,Adelaide,Midfielder,186,87
Brodie Smith,Adelaide,Defender,189,84
Brad Crouch,Adelaide,Midfielder,185,84
Rory Laird,Adelaide,Defender,178,76
Nathan van Berlo,Adelaide,Midfielder,184,84
David Mackay,Adelaide,Midfielder,181,78
Andy Otten,Adelaide,Unknown,192,92
Luke Brown,Adelaide,Defender,181,79
Tom Lynch,Adelaide,Forward,192,85
Matthew Wright,Adelaide,Midfielder,178,81
Ben Rutten,Adelaide,Defender,190,101
Ricky Henderson,Adelaide,Defender,189,91
Sam Jacobs,Adelaide,Ruck,203,105
Daniel Talia,Adelaide,Defender,196,95
Jason Porplyzia,Adelaide,Forward,177,85
Josh Jenkins,Adelaide,Forward,199,103
Brent Reilly,Adelaide,Defender,183,86
Sam Kerridge,Adelaide,Midfielder,188,86
Jarryd Lyons,Adelaide,Midfielder,184,78
Matthew Jaensch,Adelaide,Defender,180,83
Jared Petrenko,Adelaide,Forward,178,82
Shaun McKernan,Adelaide,Forward,196,99
Mitch Grigg,Adelaide,Unknown,182,82
Richard Tambling,Adelaide,Defender,180,80
Ian Callinan,Adelaide,Forward,171,70
Lewis Johnston,Adelaide,Forward,192,91
Taylor Walker,Adelaide,Forward,192,100
Kyle Hartigan,Adelaide,Defender,195,94
Sam Shaw,Adelaide,Defender,194,86
Graham Johncock,Adelaide,Forward,178,87
Brodie Martin,Adelaide,Defender,180,83
Aidan Riley,Adelaide,Midfielder,183,86
Tom Rockliff,Brisbanelions,Unknown,185,85
Jack Redden,Brisbanelions,Unknown,189,84
Jed Adcock,Brisbanelions,Unknown,184,83
Pearce Hanley,Brisbanelions,Unknown,185,85
Mitch Golby,Brisbanelions,Unknown,183,82
Dayne Zorko,Brisbanelions,Unknown,175,76
Brent Moloney,Brisbanelions,Unknown,182,88
Joel Patfull,Brisbanelions,Unknown,189,88
Sam Mayes,Brisbanelions,Unknown,187,84
Daniel Rich,Brisbanelions,Unknown,183,83
Elliot Yeo,Brisbanelions,Unknown,189,76
Matthew Leuenberger,Brisbanelions,Unknown,204,104
Ryan Lester,Brisbanelions,Unknown,191,87
Andrew Raines,Brisbanelions,Unknown,183,82
Rohan Bewick,Brisbanelions,Unknown,183,83
Ryan Harwood,Brisbanelions,Unknown,184,83
Daniel Merrett,Brisbanelions,Unknown,195,103
Ashley McGrath,Brisbanelions,Unknown,183,86
Brent Staker,Brisbanelions,Unknown,196,100
Jonathan Brown,Brisbanelions,Unknown,194,102
Simon Black,Brisbanelions,Unknown,186,81
Josh Green,Brisbanelions,Unknown,177,76
Sam Docherty,Brisbanelions,Unknown,184,84
James Polkinghorne,Brisbanelions,Unknown,184,87
Matt Maguire,Brisbanelions,Unknown,192,100
Justin Clarke,Brisbanelions,Unknown,195,88
Jordan Lisle,Brisbanelions,Unknown,196,95
Marco Paparone,Brisbanelions,Unknown,194,86
Patrick Karnezis,Brisbanelions,Unknown,190,88
Stefan Martin,Brisbanelions,Unknown,198,104
Niall McKeever,Brisbanelions,Unknown,196,95
Billy Longer,Brisbanelions,Unknown,201,98
Jesse OBrien,Brisbanelions,Unknown,184,71
Claye Beams,Brisbanelions,Unknown,183,83
Aaron Cornelius,Brisbanelions,Unknown,192,88
Sam Michael,Brisbanelions,Unknown,199,98
Jack Crisp,Brisbanelions,Unknown,190,83
Jared Polec,Brisbanelions,Unknown,188,85
Kade Simpson,Carlton,Midfielder,182,79
Andrew Walker,Carlton,Defender,190,89
Marc Murphy,Carlton,Midfielder,180,80
Bryce Gibbs,Carlton,Midfielder,188,85
Brock McLean,Carlton,Midfielder,184,84
Chris Judd,Carlton,Midfielder,189,88
Heath Scotland,Carlton,Defender,182,82
Mitch Robinson,Carlton,Midfielder,185,86
Ed Curnow,Carlton,Midfielder,182,83
Dennis Armfield,Carlton,Midfielder,181,79
Lachie Henderson,Carlton,Defender,196,95
Kane Lucas,Carlton,Midfielder,188,79
Zach Tuohy,Carlton,Defender,187,91
Jeff Garlett,Carlton,Forward,178,67
Michael Jamison,Carlton,Defender,193,96
Chris Yarran,Carlton,Forward,180,83
Eddie Betts,Carlton,Forward,173,78
Jaryd Cachia,Carlton,Midfielder,184,86
Matthew Kreuzer,Carlton,Ruck,200,101
Andrew Carrazzo,Carlton,Midfielder,187,84
Jarrad Waite,Carlton,Forward,194,94
Tom Bell,Carlton,Midfielder,187,95
Robert Warnock,Carlton,Ruck,206,103
Levi Casboult,Carlton,Forward,198,99
Simon White,Carlton,Defender,190,91
Sam Rowe,Carlton,Forward,198,96
Andrew McInnes,Carlton,Defender,191,86
Josh Bootsma,Carlton,Unknown,190,74
Shaun Hampson,Carlton,Forward,201,102
Nick Duigan,Carlton,Defender,186,88
Matthew Watson,Carlton,Defender,195,99
Troy Menzel,Carlton,Forward,187,78
David Ellard,Carlton,Midfielder,177,78
Aaron Joseph,Carlton,Defender,180,78
Nick Graham,Carlton,Unknown,182,80
Marcus Davies,Carlton,Defender,188,86
Dylan Buckley,Carlton,Midfielder,179,75
Jeremy Laidler,Carlton,Defender,189,88
Dane Swan,Collingwood,Midfielder,185,92
Scott Pendlebury,Collingwood,Midfielder,191,91
Steele Sidebottom,Collingwood,Midfielder,180,84
Heritier Lumumba,Collingwood,Unknown,187,90
Heath Shaw,Collingwood,Defender,184,86
Josh Thomas,Collingwood,Midfielder,176,81
Jarryd Blair,Collingwood,Midfielder,174,81
Sam Dwyer,Collingwood,Midfielder,177,76
Ben Reid,Collingwood,Defender,195,102
Travis Cloke,Collingwood,Forward,196,108
Paul Seedsman,Collingwood,Defender,189,72
Brent Macaffer,Collingwood,Forward,187,92
Luke Ball,Collingwood,Midfielder,183,83
Nick Maxwell,Collingwood,Defender,193,93
Marley Williams,Collingwood,Defender,181,81
Quinten Lynch,Collingwood,Forward,192,103
Jamie Elliott,Collingwood,Forward,177,77
Dayne Beams,Collingwood,Midfielder,186,83
Nathan Brown,Collingwood,Unknown,195,97
Ben Sinclair,Collingwood,Forward,181,76
Tyson Goldsack,Collingwood,Forward,193,88
Martin Clarke,Collingwood,Defender,181,84
Ben Kennedy,Collingwood,Midfielder,174,76
Jordan Russell,Collingwood,Defender,188,86
Dale Thomas,Collingwood,Unknown,185,86
Darren Jolly,Collingwood,Ruck,200,108
Andrew Krakouer,Collingwood,Unknown,176,76
Ben Hudson,Collingwood,Unknown,196,105
Lachlan Keeffe,Collingwood,Defender,204,99
Brodie Grundy,Collingwood,Ruck,202,101
Alan Didak,Collingwood,Forward,184,85
Kyle Martin,Collingwood,Midfielder,178,77
Jarrod Witts,Collingwood,Ruck,208,113
Alan Toovey,Collingwood,Defender,189,89
Ben Johnson,Collingwood,Unknown,183,84
Alex Fasolo,Collingwood,Forward,181,80
Clinton Young,Collingwood,Midfielder,189,87
Jack Frost,Collingwood,Defender,194,89
Caolan Mooney,Collingwood,Forward,184,76
Adam Oxley,Collingwood,Defender,191,78
Brendon Goddard,Essendon,Midfielder,189,93
Brent Stanton,Essendon,Midfielder,182,84
Jobe Watson,Essendon,Midfielder,190,94
Michael Hibberd,Essendon,Defender,186,86
David Zaharakis,Essendon,Midfielder,182,79
Dyson Heppell,Essendon,Midfielder,189,81
Jake Melksham,Essendon,Midfielder,185,78
Cale Hooker,Essendon,Defender,196,97
David Myers,Essendon,Midfielder,191,88
Mark Baguley,Essendon,Defender,180,83
Jake Carlisle,Essendon,Defender,198,92
Ben Howlett,Essendon,Midfielder,180,78
Heath Hocking,Essendon,Midfielder,184,87
Courtenay Dempsey,Essendon,Defender,185,80
Patrick Ryder,Essendon,Ruck,196,92
Nick Kommer,Essendon,Midfielder,184,78
Stewart Crameri,Essendon,Forward,190,95
Michael Hurley,Essendon,Forward,193,92
Dustin Fletcher,Essendon,Defender,198,92
Tayte Pears,Essendon,Defender,191,92
Tom Bellchambers,Essendon,Ruck,202,106
Jason Winderlich,Essendon,Forward,188,82
Jackson Merrett,Essendon,Forward,183,72
Alwyn Davey,Essendon,Forward,173,72
Kyle Hardingham,Essendon,Defender,186,85
Leroy Jetta,Essendon,Forward,177,75
Travis Colyer,Essendon,Midfielder,174,72
Scott Gumbleton,Essendon,Forward,197,97
Joe Daniher,Essendon,Forward,201,94
David Hille,Essendon,Ruck,202,108
Lauchlan Dalgleish,Essendon,Midfielder,185,77
Elliott Kavanagh,Essendon,Midfielder,185,75
Cory DellOlio,Essendon,Unknown,175,81
Nathan Lovett-Murray,Essendon,Unknown,190,87
Nick OBrien,Essendon,Unknown,188,91
Will Hams,Essendon,Unknown,180,71
Michael Barlow,Fremantle,Midfielder,189,89
Nathan Fyfe,Fremantle,Midfielder,189,86
David Mundy,Fremantle,Midfielder,192,90
Danyle Pearce,Fremantle,Midfielder,179,77
Tendai Mzungu,Fremantle,Midfielder,183,82
Michael Johnson,Fremantle,Defender,194,88
Paul Duffield,Fremantle,Defender,187,85
Lee Spurr,Fremantle,Defender,183,82
Matthew de Boer,Fremantle,Unknown,187,87
Chris Mayne,Fremantle,Forward,188,80
Ryan Crowley,Fremantle,Midfielder,190,87
Stephen Hill,Fremantle,Midfielder,184,80
Clancee Pearce,Fremantle,Midfielder,182,90
Nick Suban,Fremantle,Midfielder,180,81
Michael Walters,Fremantle,Forward,177,78
Garrick Ibbotson,Fremantle,Defender,188,85
Hayden Ballantyne,Fremantle,Forward,174,78
Luke McPharlin,Fremantle,Defender,191,91
Lachie Neale,Fremantle,Midfielder,177,77
Zac Clarke,Fremantle,Unknown,203,83
Cameron Sutcliffe,Fremantle,Midfielder,187,81
Zac Dawson,Fremantle,Defender,195,94
Matthew Pavlich,Fremantle,Forward,192,98
Tom Sheridan,Fremantle,Midfielder,185,76
Hayden Crozier,Fremantle,Forward,185,68
Aaron Sandilands,Fremantle,Ruck,211,117
Alex Silvagni,Fremantle,Defender,192,90
Jack Hannath,Fremantle,Ruck,201,102
Jonathon Griffin,Fremantle,Ruck,202,100
Kepler Bradley,Fremantle,Forward,199,100
Matthew Taberner,Fremantle,Forward,197,89
Josh Mellington,Fremantle,Unknown,188,80
Jesse Crichton,Fremantle,Midfielder,183,78
Josh Simpson,Fremantle,Unknown,184,73
Viv Michie,Fremantle,Forward,185,85
Peter Faulks,Fremantle,Defender,192,80
Alex Forster,Fremantle,Defender,189,85
Tanner Smith,Fremantle,Defender,196,90
Craig Moller,Fremantle,Ruck,204,86
Mathew Stokes,Geelong,Forward,177,80
Joel Selwood,Geelong,Midfielder,182,86
Jimmy Bartel,Geelong,Midfielder,187,88
Steve Johnson,Geelong,Midfielder,189,87
Mitch Duncan,Geelong,Midfielder,187,82
Andrew Mackie,Geelong,Defender,192,87
Corey Enright,Geelong,Defender,187,91
Joel Corey,Geelong,Midfielder,191,89
Allen Christensen,Geelong,Midfielder,176,77
James Kelly,Geelong,Midfielder,183,88
Steven Motlop,Geelong,Forward,182,75
Harry Taylor,Geelong,Defender,193,92
James Podsiadly,Geelong,Forward,193,102
Josh Caddy,Geelong,Midfielder,186,82
Cameron Guthrie,Geelong,Defender,186,79
Mark Blicavs,Geelong,Ruck,198,95
Tom Hawkins,Geelong,Unknown,197,100
Tom Lonergan,Geelong,Defender,197,98
Taylor Hunt,Geelong,Midfielder,183,84
Josh Hunt,Geelong,Defender,185,100
Travis Varcoe,Geelong,Midfielder,180,80
Paul Chapman,Geelong,Midfielder,179,88
Billie Smedts,Geelong,Forward,189,76
Trent West,Geelong,Ruck,198,104
George Horlin-Smith,Geelong,Unknown,186,78
Jared Rivers,Geelong,Defender,192,93
Jordan Murdoch,Geelong,Defender,189,82
Nathan Vardy,Geelong,Ruck,198,94
Jesse Stringer,Geelong,Midfielder,182,73
Jackson Thurlow,Geelong,Defender,190,79
Dawson Simpson,Geelong,Ruck,206,105
Mitch Brown,Geelong,Forward,188,86
Jordan Schroder,Geelong,Midfielder,182,85
Josh Walker,Geelong,Forward,196,87
George Burbury,Geelong,Forward,186,80
Gary Ablett,Goldcoast,Midfielder,182,88
Dion Prestia,Goldcoast,Defender,175,82
Jaeger OMeara,Goldcoast,Unknown,182,82
Jarrod Harbrow,Goldcoast,Defender,178,74
Danny Stanley,Goldcoast,Defender,182,88
Matt Shaw,Goldcoast,Unknown,187,71
David Swallow,Goldcoast,Midfielder,186,83
Trent McKenzie,Goldcoast,Defender,191,82
Harley Bennell,Goldcoast,Midfielder,185,74
Aaron Hall,Goldcoast,Forward,186,78
Greg Broughton,Goldcoast,Defender,185,89
Luke Russell,Goldcoast,Defender,186,78
Rory Thompson,Goldcoast,Defender,200,91
Tom Murphy,Goldcoast,Unknown,189,85
Jared Brennan,Goldcoast,Unknown,192,95
Sam Day,Goldcoast,Forward,196,96
Michael Rischitelli,Goldcoast,Midfielder,184,82
Campbell Brown,Goldcoast,Unknown,177,83
Steven May,Goldcoast,Forward,190,93
Charlie Dixon,Goldcoast,Ruck,200,101
Brandon Matera,Goldcoast,Forward,175,65
Joel Wilkinson,Goldcoast,Defender,186,81
Daniel Gorringe,Goldcoast,Ruck,200,88
Tom Nicholls,Goldcoast,Ruck,201,93
Jack Hutchins,Goldcoast,Defender,191,92
Tom Lynch,Goldcoast,Forward,199,91
Timmy Sumner,Goldcoast,Unknown,187,86
Karmichael Hunt,Goldcoast,Midfielder,186,92
Zac Smith,Goldcoast,Ruck,205,97
Maverick Weller,Goldcoast,Defender,182,79
Andrew Boston,Goldcoast,Midfielder,180,79
Seb Tape,Goldcoast,Unknown,191,81
Jesse Lonergan,Goldcoast,Midfielder,183,89
Jacob Gillbee,Goldcoast,Forward,184,76
Matthew Warnock,Goldcoast,Defender,192,95
Alex Sexton,Goldcoast,Midfielder,185,71
Josh Hall,Goldcoast,Forward,197,84
Jackson Allen,Goldcoast,Defender,179,79
Liam Patrick,Goldcoast,Forward,189,72
Nathan Bock,Goldcoast,Forward,193,93
Kyal Horsley,Goldcoast,Midfielder,182,88
Leigh Osborne,Goldcoast,Defender,182,81
Callan Ward,Greaterwesternsydney,Unknown,185,76
Adam Treloar,Greaterwesternsydney,Unknown,181,81
Toby Greene,Greaterwesternsydney,Unknown,181,77
Dylan Shiel,Greaterwesternsydney,Unknown,182,81
Tom Scully,Greaterwesternsydney,Unknown,182,77
Stephen Coniglio,Greaterwesternsydney,Unknown,183,82
Taylor Adams,Greaterwesternsydney,Unknown,180,86
Lachie Whitfield,Greaterwesternsydney,Unknown,187,75
Tim Mohr,Greaterwesternsydney,Unknown,195,99
Devon Smith,Greaterwesternsydney,Unknown,174,75
Curtly Hampton,Greaterwesternsydney,Unknown,188,86
Adam Tomlinson,Greaterwesternsydney,Unknown,193,87
Adam Kennedy,Greaterwesternsydney,Unknown,181,73
Jonathan Giles,Greaterwesternsydney,Unknown,201,99
Jeremy Cameron,Greaterwesternsydney,Unknown,196,89
Stephen Gilham,Greaterwesternsydney,Unknown,192,86
Tomas Bugg,Greaterwesternsydney,Unknown,185,78
Rhys Palmer,Greaterwesternsydney,Unknown,182,80
Phil Davis,Greaterwesternsydney,Unknown,195,85
Zac Williams,Greaterwesternsydney,Unknown,180,80
Nick Haynes,Greaterwesternsydney,Unknown,192,77
Josh Bruce,Greaterwesternsydney,Unknown,197,93
Sam Reid,Greaterwesternsydney,Midfielder,188,77
Dean Brogan,Greaterwesternsydney,Unknown,200,101
Will Hoskin-Elliott,Greaterwesternsydney,Unknown,186,73
Jacob Townsend,Greaterwesternsydney,Unknown,187,84
Aidan Corr,Greaterwesternsydney,Unknown,194,85
Liam Sumner,Greaterwesternsydney,Unknown,178,72
Sam Darley,Greaterwesternsydney,Unknown,186,79
Setanta OhAilpin,Greaterwesternsydney,Unknown,199,100
Lachlan Plowman,Greaterwesternsydney,Unknown,192,84
Mark Whiley,Greaterwesternsydney,Unknown,190,85
Matthew Buntine,Greaterwesternsydney,Unknown,189,85
Dom Tyson,Greaterwesternsydney,Unknown,186,80
Anthony Miles,Greaterwesternsydney,Unknown,181,77
Shaun Edwards,Greaterwesternsydney,Unknown,189,83
Jonathon Patton,Greaterwesternsydney,Unknown,197,102
Nathan Wilson,Greaterwesternsydney,Unknown,185,75
Gerald Ugle,Greaterwesternsydney,Unknown,181,82
Sam Frost,Greaterwesternsydney,Unknown,194,102
Kristian Jaksch,Greaterwesternsydney,Unknown,195,84
Bret Thornton,Greaterwesternsydney,Unknown,192,94
Tim Golds,Greaterwesternsydney,Unknown,191,82
Jonathan ORourke,Greaterwesternsydney,Unknown,188,78
Tom Downie,Greaterwesternsydney,Unknown,203,95
James Stewart,Greaterwesternsydney,Unknown,195,80
Sam Mitchell,Hawthorn,Midfielder,179,83
Jordan Lewis,Hawthorn,Midfielder,186,90
Luke Hodge,Hawthorn,Midfielder,185,90
Isaac Smith,Hawthorn,Midfielder,188,77
Shaun Burgoyne,Hawthorn,Defender,186,88
Josh Gibson,Hawthorn,Defender,189,92
Brad Sewell,Hawthorn,Midfielder,181,86
Grant Birchall,Hawthorn,Defender,193,93
Jarryd Roughead,Hawthorn,Forward,193,100
Bradley Hill,Hawthorn,Midfielder,179,71
Paul Puopolo,Hawthorn,Forward,173,76
Ben Stratton,Hawthorn,Defender,189,82
Luke Breust,Hawthorn,Forward,184,76
Jack Gunston,Hawthorn,Forward,193,81
Brent Guerra,Hawthorn,Unknown,182,90
Lance Franklin,Hawthorn,Forward,196,102
Brian Lake,Hawthorn,Defender,195,99
David Hale,Hawthorn,Ruck,201,102
Liam Shiels,Hawthorn,Midfielder,183,80
Taylor Duryea,Hawthorn,Defender,179,80
Jonathan Simpkin,Hawthorn,Midfielder,181,82
Cyril Rioli,Hawthorn,Midfielder,177,80
Shane Savage,Hawthorn,Unknown,185,80
Brendan Whitecross,Hawthorn,Midfielder,183,85
Max Bailey,Hawthorn,Unknown,206,101
Jed Anderson,Hawthorn,Midfielder,178,75
Matthew Spangher,Hawthorn,Unknown,193,90
Kyle Cheney,Hawthorn,Defender,186,87
Ryan Schoenmakers,Hawthorn,Defender,193,86
Michael Osborne,Hawthorn,Unknown,178,81
Sam Grimley,Hawthorn,Ruck,199,96
Xavier Ellis,Hawthorn,Midfielder,187,76
Jonathon Ceglar,Hawthorn,Ruck,204,94
Will Langford,Hawthorn,Defender,187,83
Nathan Jones,Melbourne,Midfielder,180,85
Matt Jones,Melbourne,Midfielder,188,80
Dean Terlich,Melbourne,Defender,186,83
Colin Sylvia,Melbourne,Unknown,186,86
Jack Trengove,Melbourne,Midfielder,185,86
Colin Garland,Melbourne,Defender,191,90
Lynden Dunn,Melbourne,Defender,192,96
Jeremy Howe,Melbourne,Forward,190,84
Tom McDonald,Melbourne,Defender,194,88
Jack Grimes,Melbourne,Midfielder,187,85
Jack Watts,Melbourne,Defender,196,89
James Frawley,Melbourne,Defender,193,95
Shannon Byrnes,Melbourne,Forward,175,77
Jack Viney,Melbourne,Midfielder,178,82
Aaron Davey,Melbourne,Unknown,177,75
Jordie McKenzie,Melbourne,Midfielder,186,82
Jimmy Toumpas,Melbourne,Midfielder,183,79
Luke Tapscott,Melbourne,Defender,180,87
Daniel Nicholson,Melbourne,Defender,183,78
Mitch Clisby,Melbourne,Unknown,182,83
Dean Kent,Melbourne,Midfielder,179,82
Michael Evans,Melbourne,Midfielder,180,75
Cameron Pedersen,Melbourne,Ruck,193,92
David Rodan,Melbourne,Unknown,173,87
Max Gawn,Melbourne,Ruck,208,106
Chris Dawes,Melbourne,Forward,193,105
Jack Fitzpatrick,Melbourne,Ruck,200,95
Rohan Bail,Melbourne,Midfielder,183,81
Jake Spencer,Melbourne,Ruck,203,98
Sam Blease,Melbourne,Midfielder,184,80
Mark Jamar,Melbourne,Ruck,198,101
James Sellar,Melbourne,Unknown,196,98
James Strauss,Melbourne,Defender,185,82
Neville Jetta,Melbourne,Midfielder,180,79
James Magner,Melbourne,Unknown,178,82
Mitch Clark,Melbourne,Forward,198,95
Tom Gillies,Melbourne,Unknown,192,87
Joel Macdonald,Melbourne,Unknown,188,88
Troy Davis,Melbourne,Unknown,192,96
Sam Gibson,Northmelbourne,Midfielder,185,83
Ryan Bastinac,Northmelbourne,Midfielder,184,76
Daniel Wells,Northmelbourne,Midfielder,181,82
Ben Cunnington,Northmelbourne,Midfielder,185,86
Aaron Mullett,Northmelbourne,Defender,184,73
Andrew Swallow,Northmelbourne,Midfielder,182,80
Shaun Atley,Northmelbourne,Defender,189,81
Brent Harvey,Northmelbourne,Midfielder,172,75
Jack Ziebell,Northmelbourne,Midfielder,188,87
Jamie Macmillan,Northmelbourne,Midfielder,188,82
Scott Thompson,Northmelbourne,Midfielder,190,85
Leigh Adams,Northmelbourne,Midfielder,176,78
Lachlan Hansen,Northmelbourne,Forward,197,97
Drew Petrie,Northmelbourne,Forward,197,102
Nathan Grima,Northmelbourne,Defender,193,94
Todd Goldstein,Northmelbourne,Ruck,201,102
Michael Firrito,Northmelbourne,Defender,190,94
Aaron Black,Northmelbourne,Unknown,192,82
Lindsay Thomas,Northmelbourne,Forward,181,79
Sam Wright,Northmelbourne,Defender,188,76
Taylor Hine,Northmelbourne,Defender,184,75
Scott McMahon,Northmelbourne,Defender,184,86
Robbie Tarrant,Northmelbourne,Forward,196,96
Levi Greenwood,Northmelbourne,Midfielder,181,85
Brad McKenzie,Northmelbourne,Midfielder,188,76
Ben Jacobs,Northmelbourne,Defender,185,82
Will Sierakowski,Northmelbourne,Defender,187,82
Liam Anthony,Northmelbourne,Midfielder,189,86
Luke Delaney,Northmelbourne,Defender,194,97
Majak Daw,Northmelbourne,Forward,195,97
Cameron Delaney,Northmelbourne,Defender,194,86
Taylor Garner,Northmelbourne,Forward,186,80
Kieran Harper,Northmelbourne,Forward,187,79
Kane Cornes,Portadelaide,Midfielder,183,81
Travis Boak,Portadelaide,Midfielder,183,83
Brad Ebert,Portadelaide,Midfielder,188,83
Chad Wingard,Portadelaide,Forward,182,77
Ollie Wines,Portadelaide,Unknown,187,89
Hamish Hartlett,Portadelaide,Midfielder,185,83
Matthew Broadbent,Portadelaide,Midfielder,189,88
Cameron OShea,Portadelaide,Unknown,197,84
Angus Monfries,Portadelaide,Midfielder,184,78
Justin Westhoff,Portadelaide,Forward,199,93
Jay Schulz,Portadelaide,Forward,193,95
Robbie Gray,Portadelaide,Midfielder,183,87
Andrew Moore,Portadelaide,Midfielder,189,88
Alipate Carlile,Portadelaide,Defender,192,101
Tom Jonas,Portadelaide,Unknown,188,84
Matthew Lobbe,Portadelaide,Ruck,200,98
Jasper Pittard,Portadelaide,Defender,186,80
Jackson Trengove,Portadelaide,Defender,197,97
Tom Logan,Portadelaide,Defender,183,83
Domenic Cassisi,Portadelaide,Midfielder,184,84
Jake Neade,Portadelaide,Unknown,170,67
Kane Mitchell,Portadelaide,Midfielder,174,75
Sam Colquhoun,Portadelaide,Midfielder,179,72
Campbell Heath,Portadelaide,Defender,187,75
Lewis Stevenson,Portadelaide,Defender,189,88
Paul Stewart,Portadelaide,Forward,191,90
Jack Hombsch,Portadelaide,Defender,194,85
John Butcher,Portadelaide,Forward,197,90
Matt Thomas,Portadelaide,Midfielder,186,87
Aaron Young,Portadelaide,Forward,188,75
Jarrad Redden,Portadelaide,Ruck,205,103
Brent Renouf,Portadelaide,Ruck,200,98
Nathan Blee,Portadelaide,Defender,191,84
Cameron Hitchcock,Portadelaide,Forward,176,73
Daniel Stewart,Portadelaide,Forward,200,93
Trent Cotchin,Richmond,Midfielder,185,84
Dustin Martin,Richmond,Midfielder,187,86
Brett Deledio,Richmond,Midfielder,188,88
Daniel Jackson,Richmond,Midfielder,188,91
Shaun Grigg,Richmond,Midfielder,190,85
Bachar Houli,Richmond,Defender,180,84
Brandon Ellis,Richmond,Defender,181,83
Alex Rance,Richmond,Defender,194,93
Shane Edwards,Richmond,Forward,182,80
Reece Conca,Richmond,Midfielder,185,78
Troy Chaplin,Richmond,Defender,195,100
Chris Newman,Richmond,Defender,183,83
Nick Vlastuin,Richmond,Defender,187,86
Nathan Foley,Richmond,Midfielder,178,81
Jack Riewoldt,Richmond,Forward,195,93
Tyrone Vickery,Richmond,Unknown,200,95
Ivan Maric,Richmond,Ruck,200,102
Steven Morris,Richmond,Defender,185,84
Jake King,Richmond,Forward,178,82
Ricky Petterd,Richmond,Defender,185,84
Matt White,Richmond,Unknown,179,81
Shane Tuck,Richmond,Unknown,189,92
Luke McGuane,Richmond,Unknown,192,92
Aaron Edwards,Richmond,Forward,184,92
Jake Batchelor,Richmond,Defender,188,78
Dylan Grimes,Richmond,Defender,193,83
Chris Knights,Richmond,Forward,184,87
Orren Stephenson,Richmond,Ruck,200,104
David Astbury,Richmond,Defender,195,93
Robin Nahas,Richmond,Unknown,176,72
Matthew Arnot,Richmond,Midfielder,180,86
Matt Dea,Richmond,Defender,186,83
Sam Lonergan,Richmond,Unknown,182,81
Matt McDonough,Richmond,Unknown,180,84
Ben Griffiths,Richmond,Defender,200,100
Brad Helbig,Richmond,Midfielder,185,83
Leigh Montagna,Stkilda,Midfielder,178,76
Jack Steven,Stkilda,Midfielder,180,82
Nick Dal Santo,Stkilda,Midfielder,185,84
David Armitage,Stkilda,Midfielder,183,84
Farren Ray,Stkilda,Midfielder,187,83
Clinton Jones,Stkilda,Midfielder,183,83
Nick Riewoldt,Stkilda,Forward,193,96
Jarryn Geary,Stkilda,Defender,183,82
Dylan Roberton,Stkilda,Defender,190,90
Lenny Hayes,Stkilda,Midfielder,186,84
Sean Dempster,Stkilda,Defender,191,85
Jack Newnes,Stkilda,Midfielder,184,74
Ben McEvoy,Stkilda,Ruck,200,101
Stephen Milne,Stkilda,Forward,176,83
Sebastian Ross,Stkilda,Midfielder,187,83
James Gwilt,Stkilda,Defender,188,94
Rhys Stanley,Stkilda,Defender,200,98
Sam Fisher,Stkilda,Defender,191,93
Sam Gilbert,Stkilda,Midfielder,194,91
Tom Hickey,Stkilda,Ruck,201,87
Jimmy Webster,Stkilda,Defender,188,78
Tom Curren,Stkilda,Midfielder,178,78
Terry Milera,Stkilda,Forward,185,68
Ahmed Saad,Stkilda,Forward,175,75
Josh Saunders,Stkilda,Midfielder,180,78
Arryn Siposs,Stkilda,Forward,189,87
Nathan Wright,Stkilda,Defender,185,77
Jason Blake,Stkilda,Defender,189,90
Tom Lee,Stkilda,Unknown,194,91
Adam Schneider,Stkilda,Forward,175,79
Trent Dennis-Lane,Stkilda,Unknown,181,75
Beau Maister,Stkilda,Forward,194,100
Brodie Murdoch,Stkilda,Forward,188,78
Sam Dunell,Stkilda,Unknown,190,81
Tom Simpkin,Stkilda,Defender,191,91
Tom Ledger,Stkilda,Midfielder,178,76
Justin Koschitzke,Stkilda,Forward,197,94
Darren Minchington,Stkilda,Forward,179,82
Cameron Shenton,Stkilda,Midfielder,188,83
Jackson Ferguson,Stkilda,Defender,194,89
Jarrad McVeigh,Sydney,Midfielder,184,83
Josh Kennedy,Sydney,Midfielder,189,93
Kieren Jack,Sydney,Midfielder,178,78
Dan Hannebery,Sydney,Unknown,182,77
Ryan OKeefe,Sydney,Unknown,188,90
Nick Malceski,Sydney,Defender,189,86
Luke Parker,Sydney,Midfielder,183,85
Craig Bird,Sydney,Midfielder,180,85
Heath Grundy,Sydney,Defender,193,100
Ted Richards,Sydney,Defender,193,92
Nick Smith,Sydney,Defender,185,78
Jude Bolton,Sydney,Midfielder,182,84
Andrejs Everitt,Sydney,Forward,194,89
Dane Rampe,Sydney,Defender,189,89
Ben McGlynn,Sydney,Forward,174,75
Mike Pyke,Sydney,Ruck,200,103
Tom Mitchell,Sydney,Midfielder,181,83
Shane Mumford,Sydney,Ruck,198,105
Adam Goodes,Sydney,Forward,194,99
Jesse White,Sydney,Forward,196,103
Lewis Jetta,Sydney,Midfielder,181,75
Kurt Tippett,Sydney,Forward,202,104
Jed Lamb,Sydney,Midfielder,181,84
Sam Reid,Sydney,Forward,194,88
Tony Armstrong,Sydney,Defender,183,72
Rhyce Shaw,Sydney,Defender,183,82
Martin Mattner,Sydney,Defender,189,86
Mitch Morton,Sydney,Forward,184,83
Brandon Jack,Sydney,Midfielder,178,78
Shane Biggs,Sydney,Midfielder,187,83
Harry Cunningham,Sydney,Defender,181,71
Lewis Roberts-Thomson,Sydney,Unknown,194,92
Gary Rohan,Sydney,Forward,188,86
Tommy Walsh,Sydney,Forward,195,97
Xavier Richards,Sydney,Defender,194,87
Matt Priddis,Westcoast,Midfielder,184,84
Chris Masten,Westcoast,Midfielder,179,77
Scott Selwood,Westcoast,Midfielder,186,86
Andrew Gaff,Westcoast,Midfielder,182,78
Dean Cox,Westcoast,Ruck,203,106
Luke Shuey,Westcoast,Midfielder,183,88
Bradd Dalziell,Westcoast,Midfielder,184,82
Josh Kennedy,Westcoast,Forward,196,99
Sam Butler,Westcoast,Defender,187,82
Darren Glass,Westcoast,Defender,192,94
Jack Darling,Westcoast,Forward,191,87
Mark LeCras,Westcoast,Forward,183,80
Eric Mackenzie,Westcoast,Defender,196,94
Matt Rosa,Westcoast,Midfielder,189,82
Josh Hill,Westcoast,Forward,185,86
Daniel Kerr,Westcoast,Midfielder,178,80
Will Schofield,Westcoast,Defender,196,94
Sharrod Wellingham,Westcoast,Midfielder,185,85
Mitch Brown,Westcoast,Forward,194,95
Shannon Hurn,Westcoast,Defender,186,96
Mark Hutchings,Westcoast,Midfielder,181,81
Ashley Smith,Westcoast,Defender,186,85
Jamie Cripps,Westcoast,Forward,183,81
Brad Sheppard,Westcoast,Defender,186,80
Beau Waters,Westcoast,Defender,188,87
Andrew Embley,Westcoast,Midfielder,189,91
Nic Naitanui,Westcoast,Ruck,201,101
Blayne Wilson,Westcoast,Defender,188,89
Jacob Brennan,Westcoast,Defender,188,82
Adam Selwood,Westcoast,Defender,189,84
Patrick McGinnity,Westcoast,Midfielder,183,83
Ashton Hams,Westcoast,Forward,174,77
Scott Lycett,Westcoast,Ruck,202,99
Adam Carter,Westcoast,Midfielder,179,74
Callum Sinclair,Westcoast,Ruck,200,95
Cale Morton,Westcoast,Midfielder,192,86
Simon Tunbridge,Westcoast,Defender,191,96
Ryan Griffen,Westernbulldogs,Unknown,188,88
Tom Liberatore,Westernbulldogs,Unknown,180,80
Adam Cooney,Westernbulldogs,Unknown,185,86
Robert Murphy,Westernbulldogs,Unknown,186,83
Matthew Boyd,Westernbulldogs,Unknown,184,87
Luke Dahlhaus,Westernbulldogs,Unknown,178,77
Koby Stevens,Westernbulldogs,Unknown,187,83
Mitch Wallis,Westernbulldogs,Unknown,184,83
Liam Picken,Westernbulldogs,Unknown,183,81
Will Minson,Westernbulldogs,Unknown,199,106
Daniel Cross,Westernbulldogs,Unknown,187,86
Daniel Giansiracusa,Westernbulldogs,Unknown,182,80
Brett Goodes,Westernbulldogs,Unknown,183,89
Dale Morris,Westernbulldogs,Unknown,190,89
Tom Young,Westernbulldogs,Unknown,191,91
Jordan Roughead,Westernbulldogs,Unknown,200,100
Jack Macrae,Westernbulldogs,Unknown,188,76
Clay Smith,Westernbulldogs,Unknown,180,78
Jason Johannisen,Westernbulldogs,Unknown,176,68
Nick Lower,Westernbulldogs,Unknown,189,83
Tory Dickson,Westernbulldogs,Unknown,180,78
Michael Talia,Westernbulldogs,Unknown,192,88
Liam Jones,Westernbulldogs,Unknown,197,98
Jarrad Grant,Westernbulldogs,Unknown,192,83
Jason Tutt,Westernbulldogs,Unknown,177,77
Dylan Addison,Westernbulldogs,Unknown,185,86
Lachie Hunter,Westernbulldogs,Unknown,181,80
Nathan Hrovat,Westernbulldogs,Unknown,175,77
Jake Stringer,Westernbulldogs,Unknown,191,93
Mark Austin,Westernbulldogs,Unknown,193,93
Easton Wood,Westernbulldogs,Unknown,185,84
Tom Campbell,Westernbulldogs,Unknown,201,98
Shaun Higgins,Westernbulldogs,Unknown,184,88
Ayce Cordy,Westernbulldogs,Unknown,202,99
Lukas Markovic,Westernbulldogs,Unknown,193,95
Tom Williams,Westernbulldogs,Unknown,196,101
Christian Howard,Westernbulldogs,Unknown,184,81
Patrick Veszpremi,Westernbulldogs,Unknown,181,84
