player,team,position,age,years_experience,height_cm,weight_kg,salary,games_played,minutes_per_game,points_per_game,rebounds_per_game,assists_per_game
Brad Wanamaker,Boston Celtics,Point guard,30,1,190.5,95.3,1445697.0,99.0,15.7,5.6,1.7,2.2
Carsen Edwards,Boston Celtics,Point guard,22,0,180.3,90.7,1228026.0,35.0,9.0,3.0,1.2,0.6
Daniel Theis,Boston Celtics,Centre,27,2,203.2,111.1,5000000.0,187.0,17.2,6.7,4.7,1.2
Enes Kanter,Boston Celtics,Centre,27,8,208.3,113.4,4767000.0,634.0,21.8,11.6,7.6,0.9
Gordon Hayward,Boston Celtics,Small forward,30,9,200.7,102.1,32700690.0,634.0,30.8,15.3,4.4,3.5
Grant Williams,Boston Celtics,Power forward,21,0,198.1,107.0,2379840.0,62.0,15.6,3.5,2.7,1.0
Javonte Green,Boston Celtics,Shooting guard,26,0,193.0,93.0,898310.0,44.0,9.4,2.9,1.8,0.5
Jaylen Brown,Boston Celtics,Shooting guard,23,3,198.1,101.2,6534829.0,272.0,26.1,12.9,4.4,1.4
Jayson Tatum,Boston Celtics,Power forward,22,2,203.2,95.3,7830000.0,218.0,31.8,17.2,5.9,2.2
Kemba Walker,Boston Celtics,Point guard,29,8,182.9,83.5,32742000.0,655.0,33.9,20.0,3.8,5.4
Marcus Smart,Boston Celtics,Point guard,26,5,190.5,99.8,12553571.0,394.0,29.0,9.9,3.6,4.0
Romeo Langford,Boston Celtics,Shooting guard,20,0,193.0,98.0,3458400.0,27.0,11.0,2.6,1.2,0.2
Semi Ojeleye,Boston Celtics,Power forward,25,2,198.1,108.9,1618520.0,190.0,13.9,3.0,2.0,0.4
Tacko Fall,Boston Celtics,Centre,24,0,226.1,141.1,0.0,6.0,4.0,3.2,1.8,0.0
Tremont Waters,Boston Celtics,Point guard,22,0,177.8,79.4,0.0,10.0,8.9,3.3,0.9,1.2
Vincent Poirier,Boston Celtics,Centre,26,0,213.4,106.6,2505793.0,21.0,5.4,1.9,1.6,0.3
Caris LeVert,Brooklyn Nets,Shooting guard,25,3,198.1,93.0,2625718.0,207.0,25.6,12.4,3.7,3.5
Chris Chiozza,Brooklyn Nets,Point guard,24,1,180.3,79.8,0.0,28.0,10.1,3.2,1.4,1.9
DeAndre Jordan,Brooklyn Nets,Centre,31,11,210.8,120.2,9881598.0,875.0,27.8,9.5,10.8,0.9
Dzanan Musa,Brooklyn Nets,Shooting guard,20,1,205.7,98.4,1911600.0,44.0,10.1,3.8,1.7,0.8
Garrett Temple,Brooklyn Nets,Shooting guard,33,9,195.6,88.5,4767000.0,569.0,21.0,6.3,2.3,1.7
Jarrett Allen,Brooklyn Nets,Centre,21,2,210.8,110.2,2376840.0,216.0,24.0,9.9,7.7,1.1
Jeremiah Martin,Brooklyn Nets,Point guard,23,0,188.0,83.9,,3.0,5.3,0.7,0.7,0.7
Joe Harris,Brooklyn Nets,Small forward,28,5,198.1,99.8,7666667.0,325.0,24.2,10.3,3.1,1.6
Justin Anderson,Brooklyn Nets,Shooting guard,26,4,195.6,104.8,,219.0,13.1,5.3,2.5,0.7
Kevin Durant,Brooklyn Nets,Small forward,31,12,208.3,108.9,38199000.0,849.0,36.9,27.0,7.1,4.1
Kyrie Irving,Brooklyn Nets,Point guard,28,8,188.0,88.5,31742000.0,528.0,33.8,22.4,3.7,5.7
Nicolas Claxton,Brooklyn Nets,Power forward,20,0,210.8,97.5,898310.0,15.0,12.5,4.4,2.9,1.1
Rodions Kurucs,Brooklyn Nets,Small forward,22,1,205.7,103.4,1699236.0,102.0,17.6,6.8,3.4,0.8
Spencer Dinwiddie,Brooklyn Nets,Point guard,26,5,195.6,97.5,10605600.0,317.0,25.7,12.9,2.8,5.0
Taurean Prince,Brooklyn Nets,Power forward,26,3,200.7,98.9,3481986.0,260.0,26.4,11.6,4.3,1.9
Theo Pinson,Brooklyn Nets,Shooting guard,24,1,195.6,96.2,1445697.0,51.0,11.3,3.9,1.8,1.5
Wilson Chandler,Brooklyn Nets,Small forward,32,11,203.2,106.6,1620564.0,676.0,30.0,12.5,5.3,1.8
Allonzo Trier,New York Knicks,Shooting guard,24,1,193.0,90.7,3551000.0,88.0,19.9,9.7,2.6,1.7
Bobby Portis,New York Knicks,Power forward,25,4,208.3,113.4,15000000.0,315.0,20.4,10.2,5.9,1.2
Damyean Dotson,New York Knicks,Shooting guard,25,2,195.6,95.3,1618520.0,165.0,20.1,7.8,2.6,1.4
Elfrid Payton,New York Knicks,Point guard,26,5,190.5,88.5,8000000.0,387.0,29.3,11.0,4.4,6.6
Frank Ntilikina,New York Knicks,Point guard,21,2,193.0,90.7,4855800.0,178.0,21.3,6.0,2.2,3.1
Ignas Brazdeikis,New York Knicks,Small forward,21,0,198.1,100.2,898310.0,9.0,5.9,1.9,0.6,0.4
Julius Randle,New York Knicks,Power forward,25,5,203.2,113.4,18000000.0,375.0,29.2,16.1,9.0,2.8
Kadeem Allen,New York Knicks,Shooting guard,27,2,185.4,90.7,0.0,47.0,13.6,5.5,1.5,2.3
Kenny Wooten,New York Knicks,Power forward,21,0,205.7,102.1,0.0,,,,,
Maurice Harkless,New York Knicks,Small forward,26,7,200.7,99.8,11011234.0,537.0,23.1,7.2,3.7,0.9
Mitchell Robinson,New York Knicks,Centre,21,1,213.4,108.9,1599712.0,127.0,21.8,8.5,6.7,0.6
RJ Barrett,New York Knicks,Shooting guard,19,0,198.1,97.1,7839960.0,56.0,30.4,14.3,5.0,2.6
Reggie Bullock,New York Knicks,Small forward,29,6,198.1,93.0,4000000.0,301.0,19.7,6.9,2.1,1.1
Taj Gibson,New York Knicks,Centre,34,10,205.7,105.2,9000000.0,799.0,25.2,9.5,6.3,1.0
Wayne Ellington,New York Knicks,Shooting guard,32,10,193.0,93.9,8000000.0,681.0,21.0,8.0,2.2,1.1
Al Horford,Philadelphia 76Ers,Power forward,33,12,205.7,108.9,28000000.0,846.0,32.7,14.0,8.3,3.3
Alec Burks,Philadelphia 76Ers,Shooting guard,28,8,198.1,97.1,1620564.0,488.0,21.9,10.2,3.2,1.8
Ben Simmons,Philadelphia 76Ers,Point guard,23,2,208.3,108.9,8113930.0,214.0,34.4,16.4,8.3,8.0
Furkan Korkmaz,Philadelphia 76Ers,Shooting guard,22,2,200.7,91.6,1620564.0,126.0,17.1,7.3,2.1,1.0
Joel Embiid,Philadelphia 76Ers,Centre,26,3,213.4,127.0,27504630.0,202.0,30.6,24.1,11.5,3.1
Josh Richardson,Philadelphia 76Ers,Shooting guard,26,4,195.6,90.7,10116576.0,307.0,30.7,12.4,3.2,2.9
Marial Shayok,Philadelphia 76Ers,Shooting guard,24,0,195.6,89.8,0.0,2.0,5.0,1.5,1.5,0.5
Matisse Thybulle,Philadelphia 76Ers,Shooting guard,23,0,195.6,91.2,2582160.0,57.0,19.5,4.7,1.5,1.2
Mike Scott,Philadelphia 76Ers,Power forward,31,7,200.7,107.5,4767000.0,499.0,16.5,7.0,3.2,0.9
Norvel Pelle,Philadelphia 76Ers,Small forward,27,0,208.3,104.8,350189.0,20.0,8.9,2.1,3.0,0.4
Raul Neto,Philadelphia 76Ers,Point guard,27,4,185.4,81.6,1620564.0,248.0,13.6,4.7,1.3,1.8
Shake Milton,Philadelphia 76Ers,Shooting guard,23,1,195.6,93.0,1455697.0,52.0,16.9,7.5,2.0,1.7
Tobias Harris,Philadelphia 76Ers,Small forward,27,8,203.2,102.5,32742000.0,611.0,30.8,15.9,6.0,2.0
Zhaire Smith,Philadelphia 76Ers,Shooting guard,20,1,190.5,93.0,3058800.0,13.0,11.0,3.7,1.2,0.9
Chris Boucher,Toronto Raptors,Power forward,27,2,205.7,90.7,1588231.0,84.0,10.6,5.3,3.6,0.3
Dewan Hernandez,Toronto Raptors,Centre,23,0,208.3,106.6,898310.0,4.0,2.8,1.0,1.8,0.0
Fred VanVleet,Toronto Raptors,Shooting guard,26,3,185.4,89.4,9346153.0,225.0,23.5,10.3,2.5,4.0
Kyle Lowry,Toronto Raptors,Point guard,34,13,182.9,88.9,34996296.0,908.0,31.6,14.7,4.3,6.2
Malcolm Miller,Toronto Raptors,Shooting guard,27,2,200.7,95.3,1588231.0,50.0,6.4,1.9,0.7,0.2
Marc Gasol,Toronto Raptors,Centre,35,11,210.8,115.7,25595700.0,831.0,33.2,14.7,7.6,3.4
Matt Thomas,Toronto Raptors,Shooting guard,25,0,193.0,86.2,898310.0,33.0,9.7,4.5,1.5,0.5
Norman Powell,Toronto Raptors,Shooting guard,26,4,190.5,97.5,10116576.0,299.0,18.6,8.5,2.3,1.3
OG Anunoby,Toronto Raptors,Small forward,22,2,200.7,105.2,2281800.0,204.0,23.2,7.8,3.5,1.0
Oshae Brissett,Toronto Raptors,Small forward,21,0,200.7,95.3,0.0,19.0,7.1,1.9,1.4,0.4
Pascal Siakam,Toronto Raptors,Power forward,25,3,205.7,104.3,2351839.0,269.0,25.9,12.7,5.6,2.3
Patrick McCaw,Toronto Raptors,Small forward,24,3,200.7,82.1,4000000.0,194.0,17.2,3.9,1.6,1.4
Paul Watson,Toronto Raptors,Small forward,25,0,198.1,95.3,0.0,5.0,5.0,0.2,0.8,1.0
Serge Ibaka,Toronto Raptors,Centre,30,10,213.4,106.6,23271604.0,803.0,28.6,12.6,7.4,0.8
Stanley Johnson,Toronto Raptors,Small forward,23,4,198.1,109.8,3623000.0,305.0,20.5,6.6,3.2,1.4
Terence Davis,Toronto Raptors,Shooting guard,22,0,193.0,91.2,898310.0,64.0,17.0,7.7,3.4,1.7
Adam Mokoka,Chicago Bulls,Shooting guard,21,0,195.6,86.2,0.0,11.0,10.2,2.9,0.9,0.4
Chandler Hutchison,Chicago Bulls,Small forward,23,1,200.7,95.3,2332320.0,72.0,19.8,6.2,4.1,0.8
Coby White,Chicago Bulls,Point guard,20,0,193.0,88.5,5307120.0,65.0,25.8,13.2,3.5,2.7
Cristiano Felicio,Chicago Bulls,Power forward,27,4,208.3,122.5,8156500.0,234.0,14.8,4.5,4.1,0.7
Daniel Gafford,Chicago Bulls,Power forward,21,0,208.3,106.1,898310.0,43.0,14.2,5.1,2.5,0.5
Denzel Valentine,Chicago Bulls,Shooting guard,26,2,193.0,99.8,3377569.0,170.0,20.9,7.8,3.6,2.1
Kris Dunn,Chicago Bulls,Small forward,26,3,190.5,93.0,5348007.0,227.0,24.3,8.3,3.3,4.2
Lauri Markkanen,Chicago Bulls,Power forward,22,2,213.4,108.9,5300400.0,170.0,30.6,16.1,7.6,1.3
Luke Kornet,Chicago Bulls,Centre,24,2,218.4,113.4,2250000.0,102.0,16.4,6.6,2.8,1.1
Max Strus,Chicago Bulls,Shooting guard,24,0,195.6,97.5,898310.0,2.0,3.0,2.5,0.5,0.0
Ryan Arcidiacono,Chicago Bulls,Point guard,26,2,190.5,88.5,3000000.0,163.0,19.6,5.2,2.2,2.5
Shaquille Harrison,Chicago Bulls,Point guard,26,2,200.7,86.2,1620564.0,139.0,16.5,6.0,2.7,1.7
Thaddeus Young,Chicago Bulls,Power forward,31,12,203.2,106.6,12900000.0,965.0,30.3,13.2,5.9,1.7
Tomas Satoransky,Chicago Bulls,Shooting guard,28,3,200.7,95.3,10000000.0,275.0,23.3,7.4,3.1,4.1
Zach LaVine,Chicago Bulls,Point guard,25,5,198.1,90.7,19500000.0,353.0,30.8,17.7,3.6,3.6
Alfonzo McKinnie,Cleveland Cavaliers,Small forward,27,2,200.7,97.5,1500000.0,126.0,13.1,4.3,2.9,0.4
Andre Drummond,Cleveland Cavaliers,Centre,26,7,208.3,126.6,27093019.0,599.0,31.0,14.5,13.8,1.3
Ante Zizic,Cleveland Cavaliers,Centre,23,2,208.3,120.7,2281800.0,113.0,13.4,6.0,3.9,0.6
Cedi Osman,Cleveland Cavaliers,Small forward,24,2,200.7,104.3,2907143.0,202.0,24.9,9.6,3.5,1.9
Collin Sexton,Cleveland Cavaliers,Point guard,21,1,185.4,86.2,4764960.0,147.0,32.3,18.5,3.0,3.0
Dante Exum,Cleveland Cavaliers,Point guard,24,4,195.6,97.1,9600000.0,239.0,18.5,5.7,1.8,2.1
Darius Garland,Cleveland Cavaliers,Point guard,20,0,185.4,87.1,6400920.0,59.0,30.9,12.3,1.9,3.9
Dean Wade,Cleveland Cavaliers,Power forward,23,0,205.7,103.4,0.0,12.0,5.9,1.7,1.6,0.2
Dylan Windler,Cleveland Cavaliers,Shooting guard,23,0,198.1,88.9,2035800.0,,,,,
Kevin Love,Cleveland Cavaliers,Power forward,31,11,203.2,113.9,28942830.0,713.0,32.0,18.2,11.1,2.4
Marques Bolden,Cleveland Cavaliers,Centre,21,0,208.3,112.9,,,,,,
Matt Mooney,Cleveland Cavaliers,Shooting guard,25,0,190.5,90.7,0.0,4.0,4.8,0.5,0.8,0.3
Matthew Dellavedova,Cleveland Cavaliers,Point guard,29,6,190.5,90.7,9607500.0,434.0,20.4,5.6,1.8,3.7
Sheldon Mac,Cleveland Cavaliers,Shooting guard,27,1,198.1,91.2,,30.0,9.6,3.0,1.1,0.5
Tristan Thompson,Cleveland Cavaliers,Centre,29,8,205.7,115.2,18539130.0,619.0,28.1,9.4,8.7,1.0
Blake Griffin,Detroit Pistons,Power forward,31,9,205.7,113.4,34449964.0,622.0,34.8,21.7,8.8,4.4
Brandon Knight,Detroit Pistons,Point guard,28,7,188.0,82.6,15643750.0,446.0,29.5,14.1,3.1,4.0
Bruce Brown,Detroit Pistons,Shooting guard,23,1,193.0,91.6,1416852.0,132.0,23.4,6.3,3.5,2.4
Christian Wood,Detroit Pistons,Power forward,24,3,208.3,97.1,1645357.0,113.0,16.2,9.5,4.8,0.6
Derrick Rose,Detroit Pistons,Point guard,31,10,188.0,90.7,7317073.0,596.0,32.6,18.8,3.4,5.6
Donta Hall,Detroit Pistons,Power forward,22,0,205.7,103.9,,4.0,12.0,1.5,3.8,0.5
John Henson,Detroit Pistons,Power forward,29,7,205.7,99.3,9732396.0,445.0,19.7,7.6,5.3,1.1
Jordan Bone,Detroit Pistons,Point guard,22,0,190.5,81.6,0.0,10.0,5.3,1.2,0.4,0.8
Jordan McRae,Detroit Pistons,Shooting guard,29,3,195.6,81.2,1645357.0,123.0,13.8,6.9,1.8,1.4
Khyri Thomas,Detroit Pistons,Shooting guard,23,1,190.5,95.3,1416852.0,34.0,7.5,2.3,0.6,0.3
Langston Galloway,Detroit Pistons,Shooting guard,28,5,185.4,90.7,7333333.0,405.0,23.0,8.5,2.6,1.7
Louis King,Detroit Pistons,Small forward,20,0,200.7,93.0,0.0,10.0,6.2,2.0,1.0,0.5
Luke Kennard,Detroit Pistons,Shooting guard,23,2,195.6,93.4,3827160.0,164.0,23.3,9.8,2.8,2.2
Sekou Doumbouya,Detroit Pistons,Small forward,19,0,203.2,104.3,3285120.0,38.0,19.8,6.4,3.1,0.5
Sviatoslav Mykhailiuk,Detroit Pistons,Shooting guard,22,1,200.7,93.0,1416852.0,98.0,17.4,6.5,1.4,1.5
Thon Maker,Detroit Pistons,Centre,23,3,213.4,100.2,3569643.0,255.0,13.9,4.7,2.8,0.6
Tony Snell,Detroit Pistons,Small forward,28,6,198.1,96.6,11392857.0,501.0,22.5,6.5,2.3,1.2
Aaron Holiday,Indiana Pacers,Point guard,23,1,182.9,83.9,2329200.0,108.0,18.6,7.8,1.8,2.6
Alize Johnson,Indiana Pacers,Power forward,23,1,200.7,96.2,1416852.0,27.0,4.4,1.1,1.4,0.1
Domantas Sabonis,Indiana Pacers,Power forward,23,3,210.8,108.9,3529555.0,291.0,25.6,12.1,8.0,2.6
Doug McDermott,Indiana Pacers,Small forward,28,5,200.7,102.1,7333333.0,403.0,20.0,8.2,2.2,0.8
Edmond Sumner,Indiana Pacers,Point guard,24,2,193.0,88.9,2000000.0,49.0,11.4,3.7,1.3,1.0
Goga Bitadze,Indiana Pacers,Centre,20,0,210.8,113.4,2816760.0,49.0,8.4,3.1,2.0,0.4
JaKarr Sampson,Indiana Pacers,Small forward,27,4,200.7,97.1,1620564.0,199.0,15.6,5.3,2.6,0.7
Jeremy Lamb,Indiana Pacers,Shooting guard,27,7,195.6,81.6,10500000.0,481.0,21.2,10.5,3.7,1.6
Justin Holiday,Indiana Pacers,Small forward,30,6,198.1,81.6,4767000.0,422.0,23.0,8.2,2.9,1.4
Malcolm Brogdon,Indiana Pacers,Point guard,27,3,195.6,103.9,20000000.0,235.0,28.6,13.5,3.8,4.3
Myles Turner,Indiana Pacers,Centre,24,4,210.8,113.4,18000000.0,335.0,28.3,12.7,6.7,1.2
Victor Oladipo,Indiana Pacers,Shooting guard,27,6,193.0,96.6,21000000.0,415.0,33.0,17.4,4.6,3.9
Brook Lopez,Milwaukee Bucks,Centre,31,11,213.4,127.9,12093023.0,778.0,30.6,16.8,6.4,1.5
Cameron Reynolds,Milwaukee Bucks,Shooting guard,25,1,200.7,102.1,0.0,19.0,13.6,5.0,1.6,0.7
Donte DiVincenzo,Milwaukee Bucks,Shooting guard,23,1,193.0,92.1,2905800.0,86.0,20.6,8.0,4.1,1.9
Eric Bledsoe,Milwaukee Bucks,Point guard,30,9,185.4,97.1,15625000.0,626.0,27.8,14.2,4.0,4.8
Ersan Ilyasova,Milwaukee Bucks,Power forward,32,11,205.7,106.6,7000000.0,801.0,23.4,10.3,5.8,1.1
George Hill,Milwaukee Bucks,Point guard,33,11,190.5,85.3,9133907.0,778.0,27.7,11.1,3.1,3.2
Giannis Antetokounmpo,Milwaukee Bucks,Power forward,25,6,210.8,109.8,25842697.0,522.0,32.5,20.0,8.9,4.3
Khris Middleton,Milwaukee Bucks,Small forward,28,7,200.7,100.7,30603448.0,510.0,31.5,16.3,4.6,3.3
Kyle Korver,Milwaukee Bucks,Shooting guard,39,16,200.7,96.2,1620564.0,1224.0,25.4,9.7,3.0,1.7
Marvin Williams,Milwaukee Bucks,Power forward,33,14,203.2,107.5,604278.0,1066.0,28.2,10.3,5.2,1.3
Pat Connaughton,Milwaukee Bucks,Shooting guard,27,4,195.6,94.8,1723050.0,277.0,15.6,4.7,2.8,1.2
Robin Lopez,Milwaukee Bucks,Centre,31,11,213.4,127.5,4767000.0,826.0,22.4,8.8,5.1,0.8
Sterling Brown,Milwaukee Bucks,Shooting guard,25,2,195.6,99.3,1618520.0,157.0,15.8,5.2,3.1,1.0
Thanasis Antetokounmpo,Milwaukee Bucks,Small forward,27,1,198.1,99.3,1445697.0,20.0,5.0,2.6,1.0,0.5
Wesley Matthews,Milwaukee Bucks,Shooting guard,33,10,193.0,99.8,2564753.0,786.0,31.9,13.2,3.1,2.2
Brandon Goodwin,Atlanta Hawks,Point guard,24,1,182.9,81.6,522738.0,50.0,9.7,4.6,1.5,1.3
Bruno Fernando,Atlanta Hawks,Centre,21,0,205.7,108.9,1400000.0,56.0,12.7,4.3,3.5,0.9
Cam Reddish,Atlanta Hawks,Shooting guard,20,0,203.2,98.9,4245720.0,58.0,26.7,10.5,3.7,1.5
Clint Capela,Atlanta Hawks,Centre,25,5,208.3,108.9,14896552.0,334.0,26.0,12.2,9.7,1.0
Damian Jones,Atlanta Hawks,Centre,24,3,210.8,111.1,2305057.0,104.0,14.1,4.6,3.1,0.6
Dewayne Dedmon,Atlanta Hawks,Centre,30,6,213.4,111.1,13333333.0,394.0,18.3,6.4,6.0,0.7
Jeff Teague,Atlanta Hawks,Point guard,31,10,190.5,88.5,19000000.0,771.0,27.5,12.6,2.5,5.8
John Collins,Atlanta Hawks,Power forward,22,2,205.7,106.6,2686560.0,176.0,28.3,16.2,8.8,1.6
Kevin Huerter,Atlanta Hawks,Shooting guard,21,1,200.7,86.2,2636280.0,131.0,29.1,10.8,3.6,3.3
Skal Labissiere,Atlanta Hawks,Power forward,24,3,208.3,106.6,2338847.0,148.0,17.5,7.2,4.5,1.0
Trae Young,Atlanta Hawks,Point guard,21,1,185.4,81.6,6273000.0,141.0,32.8,23.6,3.9,8.6
Treveon Graham,Atlanta Hawks,Shooting guard,26,3,195.6,99.3,1645357.0,180.0,16.0,4.2,2.2,0.8
Vince Carter,Atlanta Hawks,Shooting guard,43,21,198.1,99.8,1620564.0,1541.0,30.1,16.7,4.3,3.1
Bismack Biyombo,Charlotte Hornets,Centre,27,8,203.2,115.7,17000000.0,636.0,20.2,5.1,6.2,0.5
Caleb Martin,Charlotte Hornets,Small forward,24,0,195.6,93.0,898310.0,18.0,17.6,6.2,2.1,1.3
Cody Martin,Charlotte Hornets,Small forward,24,0,195.6,93.0,1173310.0,48.0,18.8,5.0,3.3,2.0
Cody Zeller,Charlotte Hornets,Centre,27,6,213.4,108.9,14471910.0,419.0,22.9,8.6,6.0,1.4
Dwayne Bacon,Charlotte Hornets,Shooting guard,24,2,198.1,100.2,1618520.0,135.0,16.0,5.3,2.3,1.0
Jalen McDaniels,Charlotte Hornets,Power forward,22,0,208.3,93.0,898310.0,16.0,18.3,5.6,4.1,0.8
Joe Chealey,Charlotte Hornets,Point guard,24,1,190.5,86.2,,5.0,8.2,0.8,0.0,0.4
Kobi Simmons,Charlotte Hornets,Point guard,22,2,195.6,81.6,0.0,33.0,19.5,5.9,1.5,2.1
Malik Monk,Charlotte Hornets,Shooting guard,22,2,190.5,90.7,4028400.0,191.0,17.2,8.6,1.9,1.7
Miles Bridges,Charlotte Hornets,Small forward,22,1,198.1,102.1,3755400.0,145.0,25.5,9.9,4.7,1.4
Nicolas Batum,Charlotte Hornets,Shooting guard,31,11,205.7,104.3,25565217.0,789.0,31.3,11.6,5.2,3.8
PJ Washington,Charlotte Hornets,Power forward,21,0,200.7,104.3,3831840.0,58.0,30.3,12.2,5.4,2.1
Ray Spalding,Charlotte Hornets,Power forward,23,1,208.3,97.5,0.0,14.0,10.6,3.9,3.4,0.4
Terry Rozier,Charlotte Hornets,Point guard,26,4,185.4,86.2,19894737.0,335.0,22.7,9.6,3.7,2.7
Willy Hernangomez,Charlotte Hornets,Centre,25,3,210.8,113.4,1676735.0,209.0,14.4,6.9,5.4,1.0
Andre Iguodala,Miami Heat,Shooting guard,36,15,198.1,97.5,17185185.0,1122.0,33.2,12.0,5.1,4.3
Bam Adebayo,Miami Heat,Power forward,22,2,205.7,115.7,3454080.0,216.0,25.5,10.5,7.7,2.9
Chris Silva,Miami Heat,Power forward,23,0,203.2,106.1,466918.0,41.0,7.5,2.9,2.7,0.5
Duncan Robinson,Miami Heat,Shooting guard,25,1,200.7,97.5,1416852.0,80.0,26.4,11.4,2.9,1.2
Gabe Vincent,Miami Heat,Point guard,23,0,190.5,90.7,0.0,6.0,7.0,2.0,0.5,0.5
Goran Dragic,Miami Heat,Point guard,33,11,190.5,86.2,19217900.0,812.0,28.0,13.9,3.1,4.8
Jae Crowder,Miami Heat,Small forward,29,7,198.1,106.6,7815533.0,601.0,24.7,9.5,4.1,1.5
Jimmy Butler,Miami Heat,Small forward,30,8,200.7,104.3,32742000.0,577.0,33.1,17.0,5.1,3.7
KZ Okpala,Miami Heat,Small forward,20,0,203.2,97.5,898310.0,5.0,5.2,1.4,1.0,0.2
Kelly Olynyk,Miami Heat,Power forward,28,6,210.8,108.9,12667885.0,492.0,21.2,9.6,4.8,1.9
Kendrick Nunn,Miami Heat,Shooting guard,24,0,188.0,86.2,1416852.0,62.0,29.8,15.6,2.7,3.4
Kyle Alexander,Miami Heat,Forward,23,0,210.8,99.8,,,,,,
Meyers Leonard,Miami Heat,Centre,28,7,213.4,117.9,11286516.0,442.0,16.0,5.6,3.9,0.9
Solomon Hill,Miami Heat,Small forward,29,6,198.1,102.5,12758781.0,359.0,22.0,5.8,3.2,1.6
Tyler Herro,Miami Heat,Shooting guard,20,0,195.6,88.5,3640200.0,47.0,27.2,12.9,4.0,1.9
Udonis Haslem,Miami Heat,Power forward,39,16,203.2,106.6,1620564.0,857.0,25.1,7.6,6.7,0.9
Aaron Gordon,Orlando Magic,Power forward,24,5,203.2,106.6,19863636.0,399.0,28.6,12.7,6.4,2.4
BJ Johnson,Orlando Magic,Small forward,24,1,200.7,90.7,0.0,15.0,6.3,2.4,0.9,0.1
Evan Fournier,Orlando Magic,Shooting guard,27,7,200.7,93.0,17150000.0,518.0,28.4,14.1,2.7,2.6
Gary Clark,Orlando Magic,Power forward,25,1,198.1,102.1,,86.0,12.4,3.0,2.3,0.4
Jonathan Isaac,Orlando Magic,Power forward,22,2,210.8,104.3,5806440.0,134.0,26.0,9.3,5.5,1.1
Khem Birch,Orlando Magic,Power forward,27,2,205.7,105.7,3000000.0,132.0,15.1,4.3,4.2,0.8
Markelle Fultz,Orlando Magic,Point guard,21,2,190.5,94.8,9745200.0,97.0,25.7,10.6,3.4,4.6
Mo Bamba,Orlando Magic,Centre,21,1,213.4,104.8,5697600.0,107.0,15.3,5.8,5.0,0.8
Nikola Vucevic,Orlando Magic,Centre,29,8,210.8,117.9,28000000.0,590.0,30.3,16.0,10.2,2.6
Terrence Ross,Orlando Magic,Shooting guard,29,7,198.1,93.4,12500000.0,555.0,24.6,11.0,2.8,1.1
Vic Law,Orlando Magic,Forward,24,0,200.7,90.7,0.0,5.0,1.8,0.0,0.2,0.0
Wes Iwundu,Orlando Magic,Small forward,25,2,198.1,88.5,1618420.0,175.0,17.5,4.6,2.5,1.0
Admiral Schofield,Washington Wizards,Shooting guard,23,0,195.6,109.3,1000000.0,27.0,10.9,3.1,1.3,0.5
Anzejs Pasecniks,Washington Wizards,Centre,24,0,215.9,99.8,482144.0,24.0,16.9,6.0,4.1,0.7
Bradley Beal,Washington Wizards,Shooting guard,26,7,190.5,93.9,27093019.0,545.0,34.6,21.0,4.0,4.0
Davis Bertans,Washington Wizards,Small forward,27,3,208.3,102.1,7000000.0,274.0,18.6,8.0,2.8,1.1
Garrison Mathews,Washington Wizards,Shooting guard,23,0,195.6,97.5,0.0,18.0,12.6,5.4,1.3,0.6
Ian Mahinmi,Washington Wizards,Centre,33,11,210.8,118.8,15450051.0,618.0,16.8,5.2,4.4,0.6
Isaac Bonga,Washington Wizards,Small forward,20,1,203.2,81.6,1416842.0,80.0,14.3,3.6,2.6,1.0
Ish Smith,Washington Wizards,Point guard,31,9,182.9,79.4,6000000.0,602.0,20.1,7.7,2.4,3.9
Jerome Robinson,Washington Wizards,Shooting guard,23,1,193.0,86.2,3567720.0,88.0,12.1,3.6,1.7,1.0
John Wall,Washington Wizards,Point guard,29,9,193.0,95.3,38199000.0,573.0,35.9,19.0,4.3,9.2
Johnathan Williams,Washington Wizards,Power forward,24,1,205.7,103.4,0.0,35.0,14.5,5.5,4.1,0.5
Moritz Wagner,Washington Wizards,Small forward,22,1,210.8,111.1,2063520.0,80.0,14.4,7.0,3.5,0.9
Rui Hachimura,Washington Wizards,Power forward,22,0,203.2,104.3,4469160.0,41.0,29.7,13.4,6.0,1.7
Shabazz Napier,Washington Wizards,Point guard,28,5,182.9,79.4,1845301.0,340.0,17.3,7.0,1.9,2.5
Thomas Bryant,Washington Wizards,Centre,22,2,208.3,112.5,8000000.0,125.0,19.8,9.9,5.8,1.4
Bol Bol,Denver Nuggets,Centre,20,0,218.4,99.8,0.0,,,,,
Gary Harris,Denver Nuggets,Shooting guard,25,5,193.0,95.3,17839286.0,368.0,29.0,12.1,2.6,2.1
Jamal Murray,Denver Nuggets,Point guard,23,3,193.0,97.5,4444746.0,293.0,29.3,15.6,3.6,3.7
Jerami Grant,Denver Nuggets,Power forward,26,5,203.2,95.3,9346153.0,447.0,24.4,9.2,3.9,1.1
Mason Plumlee,Denver Nuggets,Power forward,30,6,210.8,115.2,14041096.0,524.0,21.6,8.3,6.2,2.2
Monte Morris,Denver Nuggets,Point guard,24,2,188.0,83.0,1588231.0,150.0,22.6,9.4,2.1,3.6
Nikola Jokic,Denver Nuggets,Centre,25,4,213.4,128.8,27504630.0,373.0,29.0,16.9,9.7,5.4
Noah Vonleh,Denver Nuggets,Power forward,24,5,208.3,116.6,2000000.0,332.0,17.0,5.0,5.2,0.8
PJ Dozier,Denver Nuggets,Point guard,23,2,198.1,93.0,0.0,29.0,9.9,3.7,1.7,1.2
Paul Millsap,Denver Nuggets,Power forward,35,13,200.7,116.6,30350000.0,989.0,29.1,14.0,7.3,2.3
Torrey Craig,Denver Nuggets,Small forward,29,2,200.7,100.2,2000000.0,164.0,18.3,5.1,3.3,0.8
Troy Daniels,Denver Nuggets,Shooting guard,28,6,193.0,93.0,384541.0,334.0,14.9,6.6,1.3,0.5
Vlatko Cancar,Denver Nuggets,Small forward,22,0,203.2,107.0,898310.0,14.0,3.2,1.2,0.7,0.2
Will Barton,Denver Nuggets,Small forward,29,7,195.6,82.1,12776786.0,496.0,24.4,11.1,4.2,2.5
Evan Turner,Minnesota Timberwolves,Shooting guard,31,9,198.1,99.8,18606556.0,705.0,26.9,9.7,4.6,3.5
Jacob Evans,Minnesota Timberwolves,Shooting guard,22,1,193.0,95.3,1925880.0,59.0,10.5,2.8,1.1,0.9
Jake Layman,Minnesota Timberwolves,Small forward,26,3,203.2,94.8,3581986.0,164.0,13.7,5.3,1.9,0.5
James Johnson,Minnesota Timberwolves,Power forward,33,10,200.7,108.9,15349400.0,634.0,20.6,8.0,3.6,2.1
Jarred Vanderbilt,Minnesota Timberwolves,Power forward,20,1,205.7,97.1,1416852.0,28.0,4.1,1.3,1.1,0.2
Jarrett Culver,Minnesota Timberwolves,Shooting guard,21,0,198.1,88.5,5813640.0,63.0,23.9,9.2,3.4,1.7
Jaylen Nowell,Minnesota Timberwolves,Shooting guard,20,0,193.0,91.2,1400000.0,15.0,10.1,3.8,0.9,1.3
Jordan McLaughlin,Minnesota Timberwolves,Point guard,23,0,180.3,83.9,0.0,30.0,19.7,7.6,1.6,4.2
Josh Okogie,Minnesota Timberwolves,Small forward,21,1,193.0,96.6,2530680.0,136.0,24.3,8.1,3.6,1.4
Juan Hernangomez,Minnesota Timberwolves,Power forward,24,3,205.7,97.1,3321030.0,205.0,16.1,5.3,3.4,0.7
Kelan Martin,Minnesota Timberwolves,Small forward,24,0,195.6,104.3,0.0,31.0,16.0,6.4,3.1,0.7
Malik Beasley,Minnesota Timberwolves,Shooting guard,23,3,193.0,84.8,2731714.0,220.0,17.5,8.2,2.0,1.0
Naz Reid,Minnesota Timberwolves,Centre,20,0,205.7,119.7,898310.0,30.0,16.5,9.0,4.1,1.2
Omari Spellman,Minnesota Timberwolves,Power forward,22,1,203.2,111.1,1897800.0,95.0,17.8,6.8,4.3,1.0
Abdel Nader,Oklahoma City Thunder,Small forward,26,2,195.6,102.1,1618520.0,157.0,12.6,4.3,1.8,0.5
Andre Roberson,Oklahoma City Thunder,Shooting guard,28,5,200.7,95.3,10740740.0,295.0,22.5,4.6,4.0,0.9
Chris Paul,Oklahoma City Thunder,Point guard,34,14,185.4,79.4,38506482.0,1013.0,34.9,18.5,4.5,9.5
Danilo Gallinari,Oklahoma City Thunder,Power forward,31,10,208.3,105.7,22615559.0,604.0,31.0,16.2,4.9,2.0
Darius Bazley,Oklahoma City Thunder,Small forward,19,0,203.2,94.3,2284800.0,53.0,17.2,4.5,3.7,0.5
Dennis Schroder,Oklahoma City Thunder,Point guard,26,6,185.4,78.0,15500000.0,494.0,25.5,14.1,2.8,4.6
Deonte Burton,Oklahoma City Thunder,Shooting guard,26,1,193.0,108.9,1416852.0,66.0,7.9,2.7,1.2,0.3
Hamidou Diallo,Oklahoma City Thunder,Shooting guard,21,1,195.6,91.6,1416852.0,89.0,13.8,4.8,2.5,0.4
Isaiah Roby,Oklahoma City Thunder,Small forward,22,0,203.2,104.3,1500000.0,3.0,3.7,0.0,0.7,0.0
Kevin Hervey,Oklahoma City Thunder,Power forward,23,0,205.7,104.3,,7.0,2.7,0.3,0.3,0.1
Luguentz Dort,Oklahoma City Thunder,Shooting guard,20,0,190.5,97.5,0.0,29.0,22.0,6.2,1.9,0.7
Mike Muscala,Oklahoma City Thunder,Power forward,28,6,208.3,108.9,2028594.0,348.0,15.5,5.6,3.1,0.9
Nerlens Noel,Oklahoma City Thunder,Centre,25,5,208.3,99.8,1620564.0,355.0,22.2,8.1,6.2,1.2
Steven Adams,Oklahoma City Thunder,Centre,26,6,210.8,120.2,25842697.0,525.0,26.8,9.8,7.6,1.2
Terrance Ferguson,Oklahoma City Thunder,Small forward,21,2,198.1,86.2,2475840.0,185.0,20.9,4.9,1.4,0.7
Anfernee Simons,Portland Trail Blazers,Shooting guard,20,1,190.5,82.1,2149560.0,85.0,18.1,7.6,1.9,1.3
CJ McCollum,Portland Trail Blazers,Shooting guard,28,6,190.5,86.2,27556959.0,473.0,30.8,18.4,3.3,3.1
Caleb Swanigan,Portland Trail Blazers,Power forward,22,2,205.7,117.9,2033160.0,75.0,8.7,2.3,2.9,0.7
Carmelo Anthony,Portland Trail Blazers,Power forward,35,16,203.2,108.0,1364204.0,1114.0,35.7,23.6,6.5,2.9
Damian Lillard,Portland Trail Blazers,Point guard,29,7,188.0,88.5,29802321.0,607.0,36.3,24.0,4.2,6.5
Hassan Whiteside,Portland Trail Blazers,Centre,30,7,213.4,120.2,27093017.0,404.0,26.8,13.8,11.8,0.7
Jaylen Hoard,Portland Trail Blazers,Small forward,21,0,203.2,98.0,0.0,13.0,7.9,2.9,2.5,0.3
Jusuf Nurkic,Portland Trail Blazers,Centre,25,5,213.4,131.5,13125000.0,310.0,22.9,11.6,8.0,1.9
Mario Hezonja,Portland Trail Blazers,Small forward,25,4,203.2,99.8,1737145.0,324.0,18.5,7.0,3.1,1.3
Moses Brown,Portland Trail Blazers,Centre,20,0,218.4,111.1,0.0,9.0,3.7,1.2,1.6,0.1
Nassir Little,Portland Trail Blazers,Small forward,20,0,195.6,99.8,2105520.0,48.0,11.9,3.6,2.3,0.5
Rodney Hood,Portland Trail Blazers,Small forward,27,5,203.2,94.3,5718000.0,341.0,27.3,12.5,2.9,1.9
Trevor Ariza,Portland Trail Blazers,Small forward,34,15,203.2,97.5,12195122.0,1064.0,29.7,10.5,4.8,2.2
Wenyen Gabriel,Portland Trail Blazers,Power forward,23,0,205.7,93.0,1445697.0,28.0,7.5,2.1,1.6,0.3
Zach Collins,Portland Trail Blazers,Power forward,22,2,210.8,113.4,4240200.0,146.0,17.0,5.7,3.8,0.9
Bojan Bogdanovic,Utah Jazz,Small forward,30,5,203.2,102.5,17000000.0,462.0,28.5,14.2,3.5,1.5
Donovan Mitchell,Utah Jazz,Shooting guard,23,2,185.4,97.5,3635760.0,219.0,33.8,22.7,4.1,4.0
Ed Davis,Utah Jazz,Centre,30,9,205.7,98.9,4767000.0,665.0,19.9,6.3,6.7,0.8
Emmanuel Mudiay,Utah Jazz,Point guard,24,4,190.5,90.7,1620564.0,294.0,24.1,11.1,3.0,3.8
Georges Niang,Utah Jazz,Small forward,26,3,200.7,104.3,1645357.0,149.0,9.5,4.0,1.5,0.5
Jarrell Brantley,Utah Jazz,Power forward,23,0,195.6,113.4,0.0,5.0,2.6,0.0,1.0,0.2
Joe Ingles,Utah Jazz,Shooting guard,32,5,200.7,99.8,11954546.0,470.0,25.4,8.2,3.2,3.6
Jordan Clarkson,Utah Jazz,Point guard,27,5,193.0,87.1,13437500.0,445.0,27.1,14.8,3.2,2.6
Juwan Morgan,Utah Jazz,Small forward,22,0,200.7,105.2,746054.0,16.0,4.6,1.2,1.2,0.1
Mike Conley,Utah Jazz,Point guard,32,12,185.4,79.4,32511624.0,829.0,32.4,14.8,3.0,5.7
Miye Oni,Utah Jazz,Shooting guard,22,0,195.6,93.4,898310.0,5.0,2.2,0.0,0.4,0.0
Rayjon Tucker,Utah Jazz,Shooting guard,22,0,190.5,94.8,578573.0,14.0,5.6,1.4,0.9,0.1
Rudy Gobert,Utah Jazz,Centre,27,6,215.9,117.0,23241573.0,468.0,29.5,11.7,11.0,1.4
Tony Bradley,Utah Jazz,Centre,22,2,208.3,112.5,1962360.0,62.0,9.7,4.2,3.9,0.3
Alen Smailagic,Golden State Warriors,Power forward,19,0,208.3,97.5,898310.0,14.0,9.9,4.2,1.9,0.9
Andrew Wiggins,Golden State Warriors,Small forward,25,5,200.7,89.4,27504630.0,454.0,35.8,19.7,4.4,2.3
Chasson Randle,Golden State Warriors,Point guard,27,2,188.0,83.9,,78.0,13.9,5.3,1.2,1.7
Damion Lee,Golden State Warriors,Shooting guard,27,2,195.6,95.3,842327.0,96.0,22.9,9.8,3.9,1.8
Draymond Green,Golden State Warriors,Power forward,30,7,198.1,104.3,18539130.0,576.0,28.1,9.0,6.9,5.0
Eric Paschall,Golden State Warriors,Power forward,23,0,198.1,115.7,898310.0,60.0,27.6,14.0,4.6,2.1
Jordan Poole,Golden State Warriors,Shooting guard,20,0,193.0,88.0,1964760.0,57.0,22.4,8.8,2.1,2.4
Kevon Looney,Golden State Warriors,Power forward,24,4,205.7,100.7,4464226.0,224.0,13.9,4.4,3.7,1.0
Klay Thompson,Golden State Warriors,Shooting guard,30,8,198.1,97.5,32742000.0,615.0,33.1,19.5,3.5,2.3
Ky Bowman,Golden State Warriors,Point guard,22,0,185.4,84.8,350189.0,45.0,22.6,7.4,2.7,2.9
Marquese Chriss,Golden State Warriors,Centre,22,3,205.7,108.9,654469.0,256.0,19.4,8.0,4.9,1.1
Mychal Mulder,Golden State Warriors,Guard,25,0,193.0,83.5,,7.0,29.1,11.0,3.3,1.1
Stephen Curry,Golden State Warriors,Point guard,32,10,190.5,83.9,40231758.0,699.0,34.3,23.5,4.5,6.6
Amir Coffey,La Clippers,Shooting guard,22,0,200.7,95.3,0.0,13.0,7.5,2.2,1.1,0.7
Ivica Zubac,La Clippers,Centre,23,3,213.4,108.9,6481482.0,204.0,15.8,7.3,5.4,0.9
JaMychal Green,La Clippers,Power forward,29,5,203.2,103.0,4767000.0,354.0,21.9,8.1,6.2,0.9
Joakim Noah,La Clippers,Centre,35,12,210.8,104.3,,667.0,27.9,8.8,9.1,2.8
Johnathan Motley,La Clippers,Power forward,24,2,203.2,104.3,0.0,46.0,8.1,4.9,2.4,0.6
Kawhi Leonard,La Clippers,Small forward,28,8,200.7,102.1,32742000.0,518.0,31.0,18.6,6.4,2.7
Landry Shamet,La Clippers,Shooting guard,23,1,193.0,86.2,1995120.0,126.0,24.6,9.3,1.8,1.6
Lou Williams,La Clippers,Shooting guard,33,14,185.4,79.4,8000000.0,996.0,24.9,14.5,2.3,3.5
Mfiondu Kabengele,La Clippers,Power forward,22,0,205.7,113.4,1977000.0,12.0,5.3,3.5,0.9,0.2
Montrezl Harrell,La Clippers,Power forward,26,4,200.7,108.9,6000000.0,318.0,20.9,12.7,4.9,1.3
Patrick Beverley,La Clippers,Point guard,31,7,185.4,81.6,12345680.0,428.0,28.2,8.9,4.4,3.5
Patrick Patterson,La Clippers,Power forward,31,9,203.2,106.6,1620564.0,673.0,21.1,6.7,4.0,1.0
Paul George,La Clippers,Shooting guard,29,9,203.2,99.8,30560700.0,646.0,33.5,19.9,6.4,3.3
Reggie Jackson,La Clippers,Point guard,29,8,190.5,94.3,512721.0,553.0,25.2,12.9,3.0,4.4
Rodney McGruder,La Clippers,Shooting guard,28,3,193.0,93.0,4807693.0,212.0,21.5,5.9,3.1,1.3
Terance Mann,La Clippers,Shooting guard,23,0,195.6,97.5,1000000.0,35.0,7.7,1.6,0.9,1.1
Alex Caruso,Los Angeles Lakers,Shooting guard,26,2,195.6,84.4,2750000.0,120.0,17.7,5.7,2.0,2.1
Anthony Davis,Los Angeles Lakers,Power forward,27,7,208.3,114.8,27093018.0,521.0,34.5,24.0,10.4,2.2
Avery Bradley,Los Angeles Lakers,Point guard,29,9,190.5,81.6,4767000.0,571.0,28.3,11.8,2.9,1.8
Danny Green,Los Angeles Lakers,Shooting guard,32,10,198.1,97.5,14634146.0,681.0,25.4,8.9,3.5,1.6
Devontae Cacok,Los Angeles Lakers,Centre,23,0,203.2,108.9,0.0,,,,,
Dion Waiters,Los Angeles Lakers,Shooting guard,28,7,190.5,95.3,375385.0,412.0,28.3,13.2,2.7,2.8
Dwight Howard,Los Angeles Lakers,Centre,34,15,208.3,120.2,1620564.0,1106.0,33.6,16.8,12.3,1.4
JaVale McGee,Los Angeles Lakers,Centre,32,11,213.4,122.5,4000000.0,694.0,17.3,7.9,5.1,0.4
Jared Dudley,Los Angeles Lakers,Small forward,34,12,198.1,107.5,1620564.0,887.0,22.5,7.5,3.2,1.6
Kostas Antetokounmpo,Los Angeles Lakers,Power forward,22,1,208.3,90.7,0.0,5.0,3.2,0.4,0.4,0.2
Kyle Kuzma,Los Angeles Lakers,Power forward,24,2,203.2,100.2,1974600.0,201.0,30.1,16.0,5.5,1.9
LeBron James,Los Angeles Lakers,Small forward,35,16,205.7,113.4,37436858.0,1258.0,38.4,27.1,7.4,7.4
Markieff Morris,Los Angeles Lakers,Power forward,30,8,203.2,111.1,1750000.0,631.0,25.6,11.5,5.4,1.7
Quinn Cook,Los Angeles Lakers,Point guard,27,3,185.4,81.6,3000000.0,159.0,15.1,6.8,1.8,1.7
Rajon Rondo,Los Angeles Lakers,Point guard,34,13,185.4,81.6,2564753.0,873.0,31.0,10.2,4.7,8.3
Aron Baynes,Phoenix Suns,Centre,33,7,208.3,117.9,5453280.0,469.0,15.8,6.0,4.5,0.8
Cameron Johnson,Phoenix Suns,Small forward,24,0,203.2,95.3,4033440.0,49.0,20.3,8.1,2.9,1.1
Cheick Diallo,Phoenix Suns,Power forward,23,3,203.2,99.3,1678854.0,177.0,12.1,5.3,4.2,0.4
Dario Saric,Phoenix Suns,Power forward,25,3,208.3,102.1,3481986.0,298.0,26.5,12.2,6.2,2.1
Deandre Ayton,Phoenix Suns,Centre,21,1,210.8,113.4,9562920.0,101.0,31.5,17.1,10.8,1.8
Devin Booker,Phoenix Suns,Shooting guard,23,4,195.6,93.4,27285000.0,334.0,33.5,22.3,3.6,4.7
Elie Okobo,Phoenix Suns,Small forward,22,1,190.5,86.2,1416852.0,107.0,15.6,4.9,1.7,2.2
Frank Kaminsky,Phoenix Suns,Centre,26,4,213.4,108.9,4767000.0,314.0,22.2,9.9,4.1,1.7
Jalen Lecque,Phoenix Suns,Point guard,19,0,193.0,83.9,898310.0,4.0,6.5,2.5,0.0,0.5
Jevon Carter,Phoenix Suns,Point guard,24,1,185.4,90.7,1416852.0,89.0,15.0,4.5,1.8,1.5
Mikal Bridges,Phoenix Suns,Small forward,23,1,198.1,94.8,4161000.0,147.0,28.5,8.5,3.6,2.0
Ricky Rubio,Phoenix Suns,Point guard,29,8,190.5,86.2,16200000.0,555.0,30.9,11.3,4.2,7.8
Tariq Owens,Phoenix Suns,Forward,24,0,208.3,93.0,0.0,3.0,5.0,1.3,1.0,0.0
Ty Jerome,Phoenix Suns,Shooting guard,22,0,195.6,88.5,2193480.0,28.0,11.3,3.5,1.5,1.5
Alex Len,Sacramento Kings,Centre,26,6,213.4,113.4,4160000.0,461.0,19.7,8.0,6.3,0.9
Bogdan Bogdanovic,Sacramento Kings,Shooting guard,27,2,198.1,99.8,8529386.0,201.0,28.0,13.3,3.2,3.5
Buddy Hield,Sacramento Kings,Shooting guard,27,3,193.0,99.8,4861208.0,308.0,27.8,15.9,4.2,2.2
Cory Joseph,Sacramento Kings,Point guard,28,8,190.5,90.7,12000000.0,592.0,21.8,6.9,2.6,2.9
DaQuan Jeffries,Sacramento Kings,Shooting guard,22,0,195.6,104.3,0.0,6.0,3.2,1.2,0.2,0.2
Harrison Barnes,Sacramento Kings,Small forward,27,7,203.2,102.1,24147727.0,604.0,31.2,13.7,4.9,1.6
Jabari Parker,Sacramento Kings,Power forward,25,5,203.2,111.1,6500000.0,280.0,29.3,15.0,5.8,2.1
Justin James,Sacramento Kings,Shooting guard,23,0,200.7,86.2,898310.0,34.0,6.4,2.5,0.9,0.5
Kent Bazemore,Sacramento Kings,Shooting guard,30,7,193.0,88.5,19269662.0,547.0,21.2,8.7,3.2,1.8
Kyle Guy,Sacramento Kings,Shooting guard,22,0,185.4,75.7,0.0,2.0,2.0,1.0,0.0,0.0
Nemanja Bjelica,Sacramento Kings,Power forward,31,4,208.3,106.1,6825000.0,333.0,21.8,8.0,4.8,1.7
Richaun Holmes,Sacramento Kings,Centre,26,4,208.3,106.6,4767000.0,265.0,18.7,8.4,5.0,0.9
Yogi Ferrell,Sacramento Kings,Point guard,26,3,182.9,80.7,3150000.0,243.0,20.7,7.8,2.1,2.3
Antonius Cleveland,Dallas Mavericks,Shooting guard,26,1,195.6,88.5,0.0,23.0,6.3,1.2,0.7,0.1
Boban Marjanovic,Dallas Mavericks,Centre,31,4,223.5,131.5,3500000.0,223.0,9.7,6.2,4.0,0.5
Courtney Lee,Dallas Mavericks,Shooting guard,34,11,195.6,97.5,12759670.0,811.0,27.1,9.6,2.6,1.7
Delon Wright,Dallas Mavericks,Point guard,27,4,195.6,83.9,9473684.0,263.0,19.8,7.4,3.1,2.9
Dwight Powell,Dallas Mavericks,Centre,28,5,208.3,108.9,10259375.0,371.0,18.7,7.7,4.6,1.0
Jalen Brunson,Dallas Mavericks,Point guard,23,1,185.4,86.2,1416852.0,130.0,20.1,8.8,2.3,3.2
Josh Reaves,Dallas Mavericks,Shooting guard,22,0,193.0,97.1,0.0,2.0,0.5,0.0,0.0,0.0
Justin Jackson,Dallas Mavericks,Small forward,25,2,200.7,99.8,3280920.0,207.0,19.6,6.6,2.6,1.1
Kristaps Porzingis,Dallas Mavericks,Power forward,24,3,221.0,108.9,27285000.0,237.0,31.1,18.1,7.6,1.4
Luka Doncic,Dallas Mavericks,Shooting guard,21,1,200.7,104.3,7683360.0,126.0,32.7,24.4,8.5,7.1
Maxi Kleber,Dallas Mavericks,Power forward,28,2,208.3,108.9,8000000.0,209.0,21.1,7.1,4.4,0.9
Seth Curry,Dallas Mavericks,Shooting guard,29,5,188.0,83.9,7461380.0,251.0,22.3,10.1,2.0,1.8
Austin Rivers,Houston Rockets,Point guard,27,7,190.5,90.7,2147317.0,544.0,24.5,9.1,2.1,2.3
Ben McLemore,Houston Rockets,Small forward,27,6,190.5,88.5,2028594.0,431.0,23.6,9.0,2.4,1.1
Bruno Caboclo,Houston Rockets,Small forward,24,5,205.7,98.9,1845301.0,96.0,12.8,4.2,2.6,0.7
Chris Clemons,Houston Rockets,Point guard,22,0,175.3,81.6,563347.0,29.0,8.7,4.9,0.8,0.8
DeMarre Carroll,Houston Rockets,Small forward,33,10,198.1,97.5,512721.0,575.0,23.7,8.9,4.3,1.3
Eric Gordon,Houston Rockets,Shooting guard,31,11,190.5,97.5,14057730.0,663.0,32.8,16.6,2.5,2.9
Isaiah Hartenstein,Houston Rockets,Centre,21,1,213.4,113.4,1416852.0,51.0,9.5,3.1,2.7,0.6
James Harden,Houston Rockets,Shooting guard,30,10,195.6,99.8,38199000.0,826.0,34.3,25.1,5.3,6.3
Jeff Green,Houston Rockets,Power forward,33,11,203.2,106.6,439475.0,900.0,29.5,13.0,4.4,1.6
Michael Frazier,Houston Rockets,Shooting guard,26,0,190.5,90.7,0.0,8.0,8.3,1.8,0.4,0.1
Robert Covington,Houston Rockets,Power forward,29,6,200.7,94.8,11301219.0,388.0,29.9,12.8,5.7,1.5
Russell Westbrook,Houston Rockets,Point guard,31,11,190.5,90.7,38506482.0,874.0,34.6,23.2,7.1,8.3
Thabo Sefolosha,Houston Rockets,Small forward,35,13,198.1,97.5,1620564.0,869.0,21.9,5.7,3.7,1.4
Tyson Chandler,Houston Rockets,Centre,37,18,213.4,106.6,1620564.0,1160.0,27.3,8.2,9.0,0.8
William Howard,Houston Rockets,Shooting guard,26,0,203.2,93.9,0.0,2.0,6.5,0.0,1.0,0.5
Anthony Tolliver,Memphis Grizzlies,Power forward,34,11,203.2,108.9,1620564.0,711.0,19.6,6.2,3.4,0.9
Brandon Clarke,Memphis Grizzlies,Small forward,23,0,203.2,97.5,2478840.0,50.0,21.7,12.0,5.8,1.4
Dillon Brooks,Memphis Grizzlies,Shooting guard,24,2,200.7,102.1,1618520.0,165.0,27.5,12.4,3.0,1.7
Gorgui Dieng,Memphis Grizzlies,Centre,30,6,208.3,114.3,16229213.0,510.0,22.1,7.9,6.2,1.4
Grayson Allen,Memphis Grizzlies,Shooting guard,24,1,193.0,89.8,2429400.0,68.0,13.4,6.4,1.3,1.0
Ja Morant,Memphis Grizzlies,Point guard,20,0,190.5,78.9,8730240.0,59.0,30.0,17.6,3.5,6.9
John Konchar,Memphis Grizzlies,Shooting guard,24,0,195.6,95.3,0.0,15.0,11.1,3.4,3.1,1.4
Jonas Valanciunas,Memphis Grizzlies,Centre,27,7,210.8,120.2,16000000.0,551.0,25.3,12.4,8.8,0.9
Jontay Porter,Memphis Grizzlies,Power forward,20,0,208.3,107.0,197933.0,,,,,
Josh Jackson,Memphis Grizzlies,Shooting guard,23,2,203.2,93.9,7059480.0,174.0,24.7,12.1,4.3,1.9
Justise Winslow,Memphis Grizzlies,Small forward,24,4,198.1,100.7,13000000.0,241.0,28.4,9.0,5.4,2.7
Kyle Anderson,Memphis Grizzlies,Small forward,26,5,205.7,104.3,9073050.0,359.0,19.6,5.4,4.0,2.0
Marko Guduric,Memphis Grizzlies,Shooting guard,25,0,198.1,91.2,2625000.0,42.0,11.3,4.0,1.7,1.1
Tyus Jones,Memphis Grizzlies,Point guard,23,4,182.9,88.9,9258000.0,312.0,18.0,5.6,1.5,3.6
Yuta Watanabe,Memphis Grizzlies,Shooting guard,25,1,203.2,97.5,0.0,31.0,8.8,2.2,1.5,0.4
Brandon Ingram,New Orleans Pelicans,Small forward,22,3,200.7,86.2,7265485.0,246.0,32.2,16.2,5.1,3.2
Darius Miller,New Orleans Pelicans,Small forward,30,5,198.1,102.1,7000000.0,253.0,20.4,6.0,1.7,1.4
Derrick Favors,New Orleans Pelicans,Centre,28,9,205.7,120.2,17650000.0,677.0,25.6,11.4,7.4,1.1
Frank Jackson,New Orleans Pelicans,Point guard,21,1,190.5,93.0,1618520.0,112.0,16.3,7.0,1.8,1.0
JJ Redick,New Orleans Pelicans,Shooting guard,35,13,190.5,90.7,13486300.0,890.0,25.9,13.0,2.1,2.0
Jahlil Okafor,New Orleans Pelicans,Centre,24,4,208.3,122.5,1702486.0,218.0,20.4,11.0,5.0,1.0
Jaxson Hayes,New Orleans Pelicans,Centre,19,0,210.8,99.8,4862040.0,56.0,17.0,7.5,4.0,0.9
Josh Gray,New Orleans Pelicans,Point guard,26,1,182.9,81.6,0.0,7.0,15.6,4.9,1.7,2.0
Josh Hart,New Orleans Pelicans,Small forward,25,2,195.6,97.5,1655160.0,187.0,25.3,8.6,4.7,1.4
Jrue Holiday,New Orleans Pelicans,Shooting guard,29,10,190.5,93.0,26231111.0,707.0,33.3,15.9,3.9,6.4
Kenrich Williams,New Orleans Pelicans,Small forward,25,1,198.1,95.3,1416852.0,81.0,22.9,5.1,4.9,1.7
Lonzo Ball,New Orleans Pelicans,Point guard,22,2,198.1,86.2,8719320.0,155.0,32.4,10.9,6.2,6.6
Nicolo Melli,New Orleans Pelicans,Power forward,29,0,205.7,107.0,4102564.0,52.0,17.1,6.8,3.0,1.3
Zion Williamson,New Orleans Pelicans,Small forward,19,0,198.1,128.8,9757440.0,19.0,29.7,23.6,6.8,2.2
Zylan Cheatham,New Orleans Pelicans,Small forward,24,0,195.6,99.8,0.0,3.0,10.3,1.3,2.0,0.7
Bryn Forbes,San Antonio Spurs,Shooting guard,26,3,188.0,93.0,2875000.0,261.0,21.7,8.9,1.9,1.5
Chimezie Metu,San Antonio Spurs,Power forward,23,1,205.7,102.1,1416852.0,45.0,4.8,2.2,1.4,0.4
DeMar DeRozan,San Antonio Spurs,Small forward,30,10,198.1,99.8,27739975.0,813.0,34.2,20.0,4.4,3.6
Dejounte Murray,San Antonio Spurs,Point guard,23,2,193.0,81.6,2321735.0,177.0,19.8,7.9,4.7,2.9
Derrick White,San Antonio Spurs,Point guard,25,2,193.0,86.2,1948080.0,145.0,23.0,9.3,3.2,3.3
Drew Eubanks,San Antonio Spurs,Power forward,23,1,205.7,111.1,0.0,37.0,6.6,2.5,1.9,0.3
Jakob Poeltl,San Antonio Spurs,Centre,24,3,215.9,111.1,3754886.0,271.0,16.2,5.4,4.7,1.0
Keldon Johnson,San Antonio Spurs,Small forward,20,0,195.6,99.8,1950600.0,9.0,10.2,4.6,1.9,0.7
LaMarcus Aldridge,San Antonio Spurs,Power forward,34,13,210.8,113.4,26000000.0,1003.0,34.4,19.5,8.3,2.0
Luka Samanic,San Antonio Spurs,Power forward,20,0,208.3,103.0,2689920.0,1.0,12.0,0.0,2.0,3.0
Marco Belinelli,San Antonio Spurs,Shooting guard,34,12,195.6,99.8,5846154.0,855.0,22.7,9.7,2.1,1.7
Patty Mills,San Antonio Spurs,Point guard,31,10,185.4,81.6,12428571.0,668.0,19.4,8.7,1.7,2.3
Quinndary Weatherspoon,San Antonio Spurs,Shooting guard,23,0,190.5,93.0,0.0,3.0,5.0,0.0,0.3,0.3
Rudy Gay,San Antonio Spurs,Small forward,33,13,203.2,113.4,14500000.0,939.0,33.2,17.1,5.9,2.2
Trey Lyles,San Antonio Spurs,Centre,24,4,205.7,106.1,5500000.0,351.0,18.0,7.4,4.2,1.1
