title,artist,popularity,album,playlist_name,genre,subgenre,danceability,energy,key,loudness,mode,speechiness,acousticness,instrumentalness,liveness,valence,tempo,duration_ms
On & On,Alok,79,On & On,Dance Room,pop,dance pop,74.7,77.60000000000001,10,-5.898,0,7.22,2.33,0.00138,76.1,67.0,125.07,147027
All The Lies,Alok,56,All The Lies (Remixes),Cardio,pop,dance pop,70.7,80.60000000000001,6,-4.777,1,17.5,0.908,0.0,36.6,63.4,119.972,163000
Hear Me Now,Alok,75,Hear Me Now,ElectroPop 2020,pop,electropop,77.8,46.3,11,-7.603,1,3.89,54.6,0.289,7.31,49.6,121.999,194840
The Wall,Alok,65,The Wall,Electropop,pop,electropop,68.2,91.0,11,-2.314,1,4.31,0.953,6.73,7.32,53.6,122.943,159500
Hear Me Now,Alok,52,Hear Me Now,Chillout & Remixes 💜,pop,indie poptimism,78.8,43.0,11,-7.757,1,4.19,53.7,0.261,9.36,46.1,121.996,192846
Toda La Noche,Alok,45,Toda La Noche,Latin Pop Songs,latin,latin pop,73.5,81.89999999999999,0,-4.809,1,12.4,37.9,0.0,4.23,61.6,90.039,186667
On & On,Alok,79,On & On,Electro House Top Tracks,edm,electro house,74.7,77.60000000000001,10,-5.898,0,7.22,2.33,0.00138,76.1,67.0,125.07,147027
The Wall,Alok,61,The Wall,EDM 2020 House & Dance,edm,electro house,68.2,91.0,11,-2.314,1,4.31,0.953,6.73,7.32,53.6,122.943,159500
Tell Me Why,Alok,61,Tell Me Why,Club Mix 2020 🍹,edm,electro house,56.10000000000001,90.9,11,-3.66,0,3.91,0.527,0.0205,35.099999999999994,19.5,123.03,161951
Metaphor,Alok,61,Metaphor,PAROOKAVILLE - Big Room,edm,big room,56.7,95.1,8,-5.087,0,3.88,2.13,30.2,10.1,26.700000000000003,138.03,202000
Vale Vale,Alok,56,Vale Vale,Big Room EDM - by Spinnin' Records,edm,big room,47.5,89.60000000000001,1,-5.696,0,7.649999999999999,0.0332,7.340000000000001,42.9,30.5,133.998,193433
All The Lies,Alok,71,All The Lies,EDM 2019,edm,pop edm,61.1,83.5,6,-4.107,1,13.900000000000002,16.7,0.0,10.7,67.2,102.023,179457
The Wall,Alok,61,The Wall,EDM 2020 House & Dance,edm,pop edm,68.2,91.0,11,-2.314,1,4.31,0.953,6.73,7.32,53.6,122.943,159500
On & On,Alok,79,On & On,Verão 2020 | Pop | Funk | Sertanejo | EDM | Top Hits 2019 - As Mais Tocadas,edm,pop edm,74.7,77.60000000000001,10,-5.898,0,7.22,2.33,0.00138,76.1,67.0,125.07,147027
Favela,Alok,69,Favela,Verão 2020 | Pop | Funk | Sertanejo | EDM | Top Hits 2019 - As Mais Tocadas,edm,pop edm,77.7,81.2,2,-3.206,0,5.98,1.25,0.233,2.64,28.3,103.023,185105
On & On,Alok,79,On & On,Epic Bass Drops | Best House Mixes,edm,progressive electro house,74.7,77.60000000000001,10,-5.898,0,7.22,2.33,0.00138,76.1,67.0,125.07,147027
Tell Me Why,Alok,61,Tell Me Why,Epic Bass Drops | Best House Mixes,edm,progressive electro house,56.10000000000001,90.9,11,-3.66,0,3.91,0.527,0.0205,35.099999999999994,19.5,123.03,161951
The Wall,Alok,61,The Wall,Epic Bass Drops | Best House Mixes,edm,progressive electro house,68.2,91.0,11,-2.314,1,4.31,0.953,6.73,7.32,53.6,122.943,159500
Metaphor,Alok,61,Metaphor,Epic Bass Drops | Best House Mixes,edm,progressive electro house,56.7,95.1,8,-5.087,0,3.88,2.13,30.2,10.1,26.700000000000003,138.03,202000
Stockholm,Atlas Genius,52,Inanimate Objects,Indie Poptimism,pop,indie poptimism,56.8,74.6,7,-5.437,1,4.62,0.54,0.0,16.2,40.9,125.04,191640
When It Was Now,Atlas Genius,25,When It Was Now (Deluxe Version),Indie Poptimism,pop,indie poptimism,66.2,91.7,9,-4.308,0,4.03,0.8109999999999999,0.0,7.04,84.6,141.952,209707
Can't Be Alone Tonight,Atlas Genius,46,Can't Be Alone Tonight,Indie Poptimism,pop,indie poptimism,55.900000000000006,83.3,6,-4.332,1,8.95,4.4,0.0,34.9,44.3,99.991,237027
Trojans,Atlas Genius,60,When It Was Now,permanent wave,rock,permanent wave,72.1,82.19999999999999,7,-4.843,1,3.91,1.13,0.00701,8.98,53.6,140.002,217387
Ghost,Au/Ra,72,Ghost,Dance Pop Tunes,pop,dance pop,66.7,50.3,0,-8.217,0,5.26,55.2,0.0,16.900000000000002,58.4,144.015,177630
Panic Room,Au/Ra,75,Panic Room,Intro to Indie Poptimism,pop,indie poptimism,49.5,42.6,8,-9.434,1,7.359999999999999,15.2,0.000565,9.9,6.36,97.91,237773
Ghost - The Him Remix,Au/Ra,44,Ghost (Remixes),Electro House Top Tracks,edm,electro house,59.1,82.5,0,-4.02,0,7.68,9.22,0.0,14.8,57.9,126.064,184762
Panic Room - Club Mix,Au/Ra,46,Panic Room,💊ELECTRO-HOUSE-TECH💊,edm,electro house,66.3,86.6,7,-7.046,0,3.69,0.125,40.0,3.46,28.3,122.997,425123
Panic Room,Au/Ra,67,Panic Room,Deep Electronic Music 2020 & Progressive House,edm,progressive electro house,57.8,88.3,10,-6.423,1,2.98,2.59,7.06,11.8,25.5,122.987,214483
Hold Up,Beyoncé,75,Lemonade,Pop Inglés (2020 - 2010s)💙 Música En Inglés 2010s,pop,dance pop,52.400000000000006,39.7,0,-11.936,1,40.5,74.5,0.0,52.1,55.2,80.744,221093
Halo,Beyoncé,77,I AM...SASHA FIERCE,Pop Inglés (2020 - 2010s)💙 Música En Inglés 2010s,pop,dance pop,50.8,72.0,11,-5.908,0,6.279999999999999,27.200000000000003,0.0,5.63,47.2,79.983,261640
Run the World (Girls),Beyoncé,75,4,Pop Inglés (2020 - 2010s)💙 Música En Inglés 2010s,pop,dance pop,73.3,89.9,0,-4.237,1,14.3,0.496,0.00472,37.2,76.0,127.086,236093
Run the World (Girls),Beyoncé,75,4,"post-teen alternative, indie, pop (large variety)",pop,post-teen pop,73.3,89.9,0,-4.237,1,14.3,0.496,0.00472,37.2,76.0,127.086,236093
Halo,Beyoncé,66,I AM...SASHA FIERCE,Post pop teen,pop,post-teen pop,50.8,72.0,11,-5.908,0,6.279999999999999,27.200000000000003,0.0,5.63,47.2,79.983,261640
Irreplaceable,Beyoncé,72,B'Day Deluxe Edition,BALLARE - رقص,pop,post-teen pop,44.7,69.39999999999999,7,-4.637,0,38.2,2.93,0.000546,16.7,50.9,175.868,227853
Crazy In Love (feat. Jay-Z),Beyoncé,69,Dangerously In Love,BALLARE - رقص,pop,post-teen pop,66.4,75.8,2,-6.583,0,21.0,0.238,0.0,5.98,70.1,99.259,235933
7/11,Beyoncé,71,BEYONCÉ [Platinum Edition],ELECTROPOP,pop,electropop,74.7,70.5,9,-5.137,0,12.6,1.28,0.0,12.6,56.00000000000001,136.024,213507
7/11,Beyoncé,71,BEYONCÉ [Platinum Edition],◤ Hip Hop Dance Music – Urban – Trap – Breaking Locking Popping Bopping – WOD – World of Dance,rap,southern hip hop,74.7,70.5,9,-5.137,0,12.6,1.28,0.0,12.6,56.00000000000001,136.024,213507
Jealous,Beyoncé,55,BEYONCÉ [Platinum Edition],◤ Hip Hop Dance Music – Urban – Trap – Breaking Locking Popping Bopping – WOD – World of Dance,rap,southern hip hop,58.9,54.1,8,-10.087,1,16.3,12.2,0.414,8.82,23.6,133.97,184013
Single Ladies (Put a Ring on It),Beyoncé,69,I AM...SASHA FIERCE,Today's Hits 2000-Present,latin,latin hip hop,42.6,58.4,1,-5.293,1,29.6,3.83,0.0,18.8,27.200000000000003,193.437,193213
Crazy In Love (feat. Jay-Z),Beyoncé,75,Dangerously In Love,School Dance 2019 (Squeaky Clean),latin,latin hip hop,64.60000000000001,77.0,2,-6.596,0,22.6,0.249,0.0,7.15,68.10000000000001,99.165,236133
ALREADY,Beyoncé,69,The Lion King: The Gift,Contemporary Urban,r&b,urban contemporary,64.7,73.2,2,-5.846,1,8.91,8.459999999999999,0.0,59.7,54.8,67.295,222529
MOOD 4 EVA (feat. Oumou Sangaré),Beyoncé,64,The Lion King: The Gift,New R&B‏‏​​   ‍,r&b,urban contemporary,60.8,70.89999999999999,7,-6.175,1,37.4,11.9,0.0,33.7,70.89999999999999,105.742,272069
"Me, Myself and I",Beyoncé,66,Dangerously In Love,urban contemporary,r&b,urban contemporary,75.0,45.8,1,-9.092,1,8.03,22.6,0.00325,13.7,53.6,83.61,301133
7/11,Beyoncé,71,BEYONCÉ [Platinum Edition],Urban/Trap - Contemporary RAP,r&b,urban contemporary,74.7,70.5,9,-5.137,0,12.6,1.28,0.0,12.6,56.00000000000001,136.024,213507
If I Were a Boy,Beyoncé,68,I AM...SASHA FIERCE,urban CONTEMPORARY,r&b,urban contemporary,63.2,51.8,6,-6.126,1,3.1300000000000003,10.7,0.0,35.4,42.7,90.007,249147
Pray You Catch Me,Beyoncé,62,Lemonade,urban CONTEMPORARY,r&b,urban contemporary,25.0,21.5,8,-13.676,0,3.7,63.2,7.17,40.1,7.46,174.824,195987
Forward (feat. James Blake),Beyoncé,56,Lemonade,urban CONTEMPORARY,r&b,urban contemporary,38.7,13.3,7,-15.633,0,4.74,94.7,5.91,10.7,4.98,124.397,79200
Halo,Beyoncé,77,I AM...SASHA FIERCE,urban CONTEMPORARY,r&b,urban contemporary,50.8,72.0,11,-5.908,0,6.279999999999999,27.200000000000003,0.0,5.63,47.2,79.983,261640
Formation,Beyoncé,77,Lemonade,Feeling Accomplished,r&b,hip pop,89.60000000000001,62.1,5,-6.857,0,23.7,0.532,0.0,19.6,81.8,121.966,206080
Hold Up,Beyoncé,75,Lemonade,Feeling Accomplished,r&b,hip pop,52.400000000000006,39.7,0,-11.936,1,40.5,74.5,0.0,52.1,55.2,80.744,221093
Partition,Beyoncé,71,BEYONCÉ [Platinum Edition],Feeling Accomplished,r&b,hip pop,41.2,44.1,11,-11.523,0,29.1,2.96,7.26,30.6,17.4,185.571,319467
7/11,Beyoncé,71,BEYONCÉ [Platinum Edition],Feeling Accomplished,r&b,hip pop,74.7,70.5,9,-5.137,0,12.6,1.28,0.0,12.6,56.00000000000001,136.024,213507
"Me, Myself and I",Beyoncé,66,Dangerously In Love,Neo Soul Music,r&b,neo soul,75.0,45.8,1,-9.092,1,8.03,22.6,0.00325,13.7,53.6,83.61,301133
Blame It on the Boom Boom,Black Stone Cherry,57,Between The Devil & The Deep Blue Sea (Special Edition),Badass Rock,rap,southern hip hop,57.4,88.9,10,-3.44,1,5.24,0.207,0.00112,3.3300000000000005,78.4,116.007,189133
White Trash Millionaire,Black Stone Cherry,56,Between The Devil & The Deep Blue Sea (Special Edition),Badass Rock,rap,southern hip hop,48.5,89.8,4,-3.75,1,5.680000000000001,0.0776,0.244,64.2,49.4,99.983,198680
Me And Mary Jane,Black Stone Cherry,49,Magic Mountain,Badass Rock,rap,southern hip hop,45.8,93.1,6,-3.806,0,11.1,0.1399999999999999,0.0105,13.5,69.5,84.954,248147
Rain Wizard,Black Stone Cherry,38,Black Stone Cherry,Badass Rock,rap,southern hip hop,24.5,80.5,6,-3.778,0,4.5,0.0287,0.0225,27.500000000000004,64.8,171.272,204760
Be Cowboy (PBR Anthem),Black Stone Cherry,41,Be Cowboy (PBR Anthem),Hard Rock,rock,hard rock,42.2,91.3,11,-4.658,1,8.58,0.1119999999999999,0.00475,25.6,77.0,164.892,159759
Can't You See,Black Stone Cherry,54,Between The Devil & The Deep Blue Sea (Special Edition),HARD ROCK CAFE,rock,hard rock,39.8,84.6,11,-4.217,1,4.41,0.0469,0.00246,17.2,41.1,149.893,211160
Journey Feat. Emma Carn - Radio Mix,BUNT.,30,Journey,Chillout & Remixes 💜,pop,indie poptimism,50.3,43.8,0,-17.995,1,4.8500000000000005,31.8,11.1,9.13,40.9,123.824,236129
Journey - Radio Mix,BUNT.,48,Journey,Tropical House,latin,tropical,50.2,43.7,0,-17.997,1,4.82,31.8,10.6,9.16,40.7,123.913,236129
Old Guitar,BUNT.,49,Old Guitar,Tropical Morning,latin,tropical,48.6,85.39999999999999,0,-4.859,1,5.69,7.39,0.00107,35.8,46.9,123.942,208548
La Vida Me Hizo Cabron,C-Kan,49,La Vida Me Hizo Cabron,Arena Hip-Hop,rap,hip hop,78.8,88.9,11,-2.845,1,5.47,6.69,0.000176,24.4,79.7,142.959,203811
Santa Maria,C-Kan,48,Santa Maria,Arena Hip-Hop,rap,hip hop,65.60000000000001,49.9,10,-11.958,0,10.3,32.300000000000004,0.0,37.4,40.8,91.924,180003
M-E-X-I-C-O,C-Kan,48,Voy Por El Sueño de Muchos,Mexican Gangsta Rap,rap,gangster rap,65.4,81.69999999999999,10,-4.832,0,31.3,2.28,0.0,21.6,86.0,174.055,272342
Un Par De Balas,C-Kan,57,Clasificación C Vol.1,Mexican Gangsta Rap,rap,gangster rap,81.6,81.3,8,-3.124,1,36.1,44.8,0.0,15.3,79.0,171.816,228092
Havana,Camila Cabello,26,Havana,Pop Inglés (2020 - 2010s)💙 Música En Inglés 2010s,pop,dance pop,76.8,51.7,7,-4.323,0,3.12,18.6,0.0038,10.4,41.8,104.992,216897
Cry for Me,Camila Cabello,73,Cry for Me,Pop Inglés (2020 - 2010s)💙 Música En Inglés 2010s,pop,dance pop,72.1,80.5,9,-4.134,0,9.27,5.0,0.0,15.3,65.3,118.058,189133
Liar,Camila Cabello,87,Liar,Pop Inglés (2020 - 2010s)💙 Música En Inglés 2010s,pop,dance pop,74.0,49.8,11,-6.684,0,4.5600000000000005,1.69,0.282,31.9,65.2,98.016,207039
Liar,Camila Cabello,87,Liar,Pop - Pop UK - 2019 - Canadian Pop - 2019 - Pop,pop,post-teen pop,74.0,49.8,11,-6.684,0,4.5600000000000005,1.69,0.282,31.9,65.2,98.016,207039
Easy,Camila Cabello,78,Easy,Pop - Pop UK - 2019 - Canadian Pop - 2019 - Pop,pop,post-teen pop,57.4,59.3,4,-5.731,0,4.63,41.1,0.000155,9.66,35.5,128.073,194686
Cry for Me,Camila Cabello,73,Cry for Me,Pop - Pop UK - 2019 - Canadian Pop - 2019 - Pop,pop,post-teen pop,72.1,80.5,9,-4.134,0,9.27,5.0,0.0,15.3,65.3,118.058,189133
My Oh My (feat. DaBaby),Camila Cabello,94,Romance,The Sound of Post-Teen Pop,pop,post-teen pop,72.39999999999999,49.1,8,-6.024,1,2.96,1.7999999999999998,0.00129,8.870000000000001,38.3,105.046,170746
Easy,Camila Cabello,73,Romance,"post-teen alternative, indie, pop (large variety)",pop,post-teen pop,57.4,59.3,4,-5.731,0,4.63,41.1,0.000155,9.66,35.5,128.073,194686
Liar,Camila Cabello,77,Romance,"post-teen alternative, indie, pop (large variety)",pop,post-teen pop,74.0,49.8,11,-6.684,0,4.5600000000000005,1.69,0.282,31.9,65.2,98.016,207039
Shameless,Camila Cabello,73,Romance,"post-teen alternative, indie, pop (large variety)",pop,post-teen pop,37.7,65.10000000000001,4,-5.437,0,5.88,1.97,0.00531,17.4,8.51,129.698,219742
Cry for Me,Camila Cabello,70,Romance,"post-teen alternative, indie, pop (large variety)",pop,post-teen pop,72.1,80.5,9,-4.134,0,9.27,5.0,0.0,15.3,65.3,118.058,189133
Havana (feat. Young Thug),Camila Cabello,84,Camila,Post pop teen,pop,post-teen pop,76.5,52.3,2,-4.333,1,3.0,18.4,0.00356,13.2,39.4,104.988,217307
Havana,Camila Cabello,26,Havana,BALLARE - رقص,pop,post-teen pop,76.8,51.7,7,-4.323,0,3.12,18.6,0.0038,10.4,41.8,104.992,216897
Havana (feat. Young Thug),Camila Cabello,84,Camila,10er Playlist,pop,electropop,76.5,52.3,2,-4.333,1,3.0,18.4,0.00356,13.2,39.4,104.988,217307
Liar,Camila Cabello,87,Liar,POPTIMISM,pop,indie poptimism,74.0,49.8,11,-6.684,0,4.5600000000000005,1.69,0.282,31.9,65.2,98.016,207039
My Oh My (feat. DaBaby),Camila Cabello,94,Romance,indie poptimism🕺🏻,pop,indie poptimism,72.39999999999999,49.1,8,-6.024,1,2.96,1.7999999999999998,0.00129,8.870000000000001,38.3,105.046,170746
My Oh My (feat. DaBaby),Camila Cabello,94,Romance,2020 Hits & 2019  Hits – Top Global Tracks 🔥🔥🔥,latin,latin pop,72.39999999999999,49.1,8,-6.024,1,2.96,1.7999999999999998,0.00129,8.870000000000001,38.3,105.046,170746
Liar,Camila Cabello,87,Liar,2020 Hits & 2019  Hits – Top Global Tracks 🔥🔥🔥,latin,latin pop,74.0,49.8,11,-6.684,0,4.5600000000000005,1.69,0.282,31.9,65.2,98.016,207039
My Oh My (feat. DaBaby),Camila Cabello,94,Romance,2020 Hits & 2019  Hits – Top Global Tracks 🔥🔥🔥,latin,latin hip hop,72.39999999999999,49.1,8,-6.024,1,2.96,1.7999999999999998,0.00129,8.870000000000001,38.3,105.046,170746
Liar,Camila Cabello,87,Liar,2020 Hits & 2019  Hits – Top Global Tracks 🔥🔥🔥,latin,latin hip hop,74.0,49.8,11,-6.684,0,4.5600000000000005,1.69,0.282,31.9,65.2,98.016,207039
Havana - Remix,Camila Cabello,69,Havana (Remix),latin hip hop,latin,latin hip hop,75.1,57.9,2,-4.036,1,3.2099999999999995,39.8,0.00228,13.3,34.9,105.031,199095
Liar,Camila Cabello,87,Liar,Most Popular 2020 TOP 50,r&b,urban contemporary,74.0,49.8,11,-6.684,0,4.5600000000000005,1.69,0.282,31.9,65.2,98.016,207039
My Oh My (feat. DaBaby),Camila Cabello,94,Romance,Most Popular 2020 TOP 50,r&b,urban contemporary,72.39999999999999,49.1,8,-6.024,1,2.96,1.7999999999999998,0.00129,8.870000000000001,38.3,105.046,170746
Consequences,Camila Cabello,73,Camila,urban contemporary,r&b,urban contemporary,45.5,29.2,0,-6.792,1,5.63,88.9,0.0,10.6,43.0,84.339,178467
Havana (feat. Young Thug),Camila Cabello,84,Camila,Cuban vibes only,r&b,urban contemporary,76.5,52.3,2,-4.333,1,3.0,18.4,0.00356,13.2,39.4,104.988,217307
My Oh My (feat. DaBaby),Camila Cabello,94,Romance,Charts 2020 🔥Top 2020🔥Hits 2020🔥Summer 2020🔥Pop 2020🔥Popular Music🔥Clean Pop 2020🔥Sing Alongs,r&b,hip pop,72.39999999999999,49.1,8,-6.024,1,2.96,1.7999999999999998,0.00129,8.870000000000001,38.3,105.046,170746
Should've Said It,Camila Cabello,74,Romance,Girl On Fire,r&b,hip pop,66.60000000000001,54.900000000000006,5,-5.781,0,2.69,2.81,0.0181,13.6,59.6,98.014,200626
Havana (feat. Young Thug),Camila Cabello,84,Camila,Hip pop,r&b,hip pop,76.5,52.3,2,-4.333,1,3.0,18.4,0.00356,13.2,39.4,104.988,217307
Cry for Me,Camila Cabello,73,Cry for Me,"Latest Hits 2020 - Pop, Hip Hop & RnB",r&b,hip pop,72.1,80.5,9,-4.134,0,9.27,5.0,0.0,15.3,65.3,118.058,189133
Liar,Camila Cabello,87,Liar,2020 Hits & 2019  Hits – Top Global Tracks 🔥🔥🔥,r&b,hip pop,74.0,49.8,11,-6.684,0,4.5600000000000005,1.69,0.282,31.9,65.2,98.016,207039
Never Be the Same,Camila Cabello,66,Never Be the Same,Today's Hits (Clean),r&b,hip pop,64.3,70.89999999999999,0,-4.343,1,7.33,14.499999999999998,0.0449,11.5,26.4,129.961,227088
Real Friends,Camila Cabello,63,Real Friends,Today's Hits (Clean),r&b,hip pop,74.0,30.3,3,-8.612,1,11.7,83.5,0.0,7.82,81.89999999999999,91.958,213933
Havana,Camila Cabello,26,Havana,Today's Hits (Clean),r&b,hip pop,76.8,51.7,7,-4.323,0,3.12,18.6,0.0038,10.4,41.8,104.992,216897
My Oh My (feat. DaBaby),Camila Cabello,94,Romance,Charts 2020 🔥Top 2020🔥Hits 2020🔥Summer 2020🔥Pop 2020🔥Popular Music🔥Clean Pop 2020🔥Sing Alongs,edm,pop edm,72.39999999999999,49.1,8,-6.024,1,2.96,1.7999999999999998,0.00129,8.870000000000001,38.3,105.046,170746
Liar,Camila Cabello,87,Liar,Verão 2020 | Pop | Funk | Sertanejo | EDM | Top Hits 2019 - As Mais Tocadas,edm,pop edm,74.0,49.8,11,-6.684,0,4.5600000000000005,1.69,0.282,31.9,65.2,98.016,207039
Shameless,Camila Cabello,76,Shameless,Verão 2020 | Pop | Funk | Sertanejo | EDM | Top Hits 2019 - As Mais Tocadas,edm,pop edm,37.7,65.10000000000001,4,-5.437,0,5.88,1.97,0.00531,17.4,8.51,129.698,219742
Easy,Camila Cabello,78,Easy,Verão 2020 | Pop | Funk | Sertanejo | EDM | Top Hits 2019 - As Mais Tocadas,edm,pop edm,57.4,59.3,4,-5.731,0,4.63,41.1,0.000155,9.66,35.5,128.073,194686
Cry for Me,Camila Cabello,73,Cry for Me,Verão 2020 | Pop | Funk | Sertanejo | EDM | Top Hits 2019 - As Mais Tocadas,edm,pop edm,72.1,80.5,9,-4.134,0,9.27,5.0,0.0,15.3,65.3,118.058,189133
La Difícil,Camilo,78,La Difícil,Latin Pop VIP,latin,latin pop,67.5,36.0,1,-6.66,0,11.2,67.0,0.0,15.9,55.3,64.921,158533
Tutu,Camilo,88,Tutu,LATIN POP 2020 🔥 Pop latino actual,latin,latin pop,73.1,83.2,9,-2.592,1,5.029999999999999,27.3,0.0,6.65,94.0,146.013,178613
No Te Vayas,Camilo,78,No Te Vayas,LATIN POP 2020 🔥 Pop latino actual,latin,latin pop,76.6,72.1,6,-4.46,0,7.380000000000001,5.27,0.0,12.8,81.0,92.001,201227
Tutu - Remix,Camilo,77,Tutu (Remix),Exitos 2020 - Latin Billboard,latin,latin pop,73.1,76.3,0,-3.6,1,4.33,38.2,0.0007070000000000001,7.539999999999999,86.5,154.111,164191
Tutu,Camilo,88,Tutu,¡Viva Latino!,latin,reggaeton,73.1,83.2,9,-2.592,1,5.029999999999999,27.3,0.0,6.65,94.0,146.013,178613
La Difícil,Camilo,78,La Difícil,¡Viva Latino!,latin,reggaeton,67.5,36.0,1,-6.66,0,11.2,67.0,0.0,15.9,55.3,64.921,158533
Tutu - Remix,Camilo,77,Tutu (Remix),Verano Forever,latin,reggaeton,73.1,76.3,0,-3.6,1,4.33,38.2,0.0007070000000000001,7.539999999999999,86.5,154.111,164191
Tutu,Camilo,88,Tutu,Latest Latin American Hits 2020,latin,latin hip hop,73.1,83.2,9,-2.592,1,5.029999999999999,27.3,0.0,6.65,94.0,146.013,178613
Tutu - Remix,Camilo,77,Tutu (Remix),Verão 2020 | Pop | Funk | Sertanejo | EDM | Top Hits 2019 - As Mais Tocadas,edm,pop edm,73.1,76.3,0,-3.6,1,4.33,38.2,0.0007070000000000001,7.539999999999999,86.5,154.111,164191
Spell on Me,Chris Goldarg,17,Room 679,House Electro 2019,edm,electro house,73.4,56.99999999999999,3,-9.559,0,11.7,0.029,4.46,13.900000000000002,70.39999999999999,128.005,256100
The Activist,Chris Goldarg,18,Room 679,House Electro 2019,edm,electro house,68.8,92.5,8,-5.409,0,13.7,5.56,2.62,9.33,73.8,128.051,166875
Carousel,Chris Goldarg,16,Room 679,House Electro 2019,edm,electro house,81.8,76.2,10,-9.347,0,12.7,0.118,86.9,8.37,64.7,128.016,166874
Overdue,Chris Goldarg,16,Room 679,House Electro 2019,edm,electro house,76.0,65.5,10,-10.838,0,5.04,41.3,69.39999999999999,10.3,40.8,128.014,168750
Don't Play,Chris Goldarg,14,Room 679,House Electro 2019,edm,electro house,70.8,95.0,0,-4.081,1,7.399999999999999,1.4,33.4,5.96,42.5,127.997,185664
Surrender,Chris Goldarg,17,Room 679,House Electro 2019,edm,electro house,67.9,85.3,5,-5.716,0,4.12,0.492,51.0,4.92,78.3,119.992,148000
Nakamoto,Chris Goldarg,15,Room 679,House Electro 2019,edm,electro house,74.8,91.4,0,-5.571,1,11.0,5.779999999999999,50.3,36.8,45.2,120.013,130000
X Ray,Chris Goldarg,15,Room 679,House Electro 2019,edm,electro house,76.8,98.2,2,-1.865,1,15.4,3.2099999999999995,52.900000000000006,19.2,36.1,125.009,168960
All Mine,Chris Goldarg,17,Room 679,House Electro 2019,edm,electro house,68.89999999999999,92.0,7,-7.033,1,7.380000000000001,0.911,70.39999999999999,10.9,78.7,119.919,208250
Pumpkin Soup,Chris Goldarg,19,Room 679,House Electro 2019,edm,electro house,74.4,88.0,4,-7.129,0,16.3,3.03,71.5,18.1,85.7,127.99,202500
Remember Me,DA Image,34,Remember Me,Gangster Rap,rap,gangster rap,56.99999999999999,73.5,0,-8.041,0,18.7,2.21,0.0,34.599999999999994,73.5,146.068,184999
Upper Echelon,DA Image,38,Upper Echelon,Gangsta Rap/90's Hip-Hop,rap,gangster rap,79.80000000000001,55.3,0,-7.671,1,23.7,11.8,0.0,11.2,59.7,93.902,188996
Upper Echelon,DA Image,38,Upper Echelon,Pop Hits 2000-2019,edm,pop edm,79.80000000000001,55.3,0,-7.671,1,23.7,11.8,0.0,11.2,59.7,93.902,188996
California Girls,David Lee Roth,46,Crazy From The Heat,80s Pop & Rock Hits and Album Tracks,rock,album rock,58.2,74.8,4,-5.93,1,5.21,43.2,0.0,7.07,43.3,115.13,171456
Just Like Paradise,David Lee Roth,55,Skyscraper,The Sound of Album Rock,rock,album rock,61.1,85.3,2,-4.983,1,3.4000000000000004,2.19,0.0,67.10000000000001,37.6,135.558,243280
Just Like Paradise,David Lee Roth,55,Skyscraper,’80s Hard Rock,rock,hard rock,61.1,85.3,2,-4.983,1,3.4000000000000004,2.19,0.0,67.10000000000001,37.6,135.558,243280
Tua Per Sempre,Elisa,64,Diari Aperti,Musica Italiana 2020 - Playlist Pop & Hip-Hop (Canzoni Italiane 2020),r&b,hip pop,39.4,79.4,4,-4.369,1,7.16,27.200000000000003,0.0,10.3,58.5,81.621,207347
Anche Fragile,Elisa,8,Diari Aperti,Musica Italiana 2020 - Playlist Pop & Hip-Hop (Canzoni Italiane 2020),r&b,hip pop,43.5,57.8,2,-3.796,1,3.2,27.500000000000004,0.0,15.8,14.7,130.455,239693
Vivere Tutte Le Vite - con Carl Brave,Elisa,66,Diari Aperti,Musica Italiana 2020 - Playlist Pop & Hip-Hop (Canzoni Italiane 2020),r&b,hip pop,60.4,63.9,11,-8.501,0,12.8,13.4,0.0,8.790000000000001,49.1,171.887,220604
Pink + White,Frank Ocean,77,Blonde,Ultimate Indie Presents... Best Indie Tracks of the 2010s,pop,dance pop,54.400000000000006,55.2,9,-7.45,1,9.91,67.0,0.00457,41.5,55.400000000000006,159.738,184516
Thinkin Bout You,Frank Ocean,75,channel ORANGE,Ultimate Indie Presents... Best Indie Tracks of the 2010s,pop,dance pop,72.1,33.900000000000006,0,-11.195,1,5.319999999999999,40.9,0.153,9.73,20.0,129.83,200747
Chanel,Frank Ocean,82,Chanel,Electropop,pop,electropop,77.60000000000001,50.3,0,-5.732,0,23.7,87.4,0.0,11.2,47.3,110.134,210285
Forrest Gump,Frank Ocean,65,channel ORANGE,indie poptimism,pop,indie poptimism,70.1,41.7,6,-7.818,0,3.29,8.88,0.0648,37.5,18.6,95.003,194840
Ivy,Frank Ocean,77,Blonde,indie poptimism,pop,indie poptimism,56.7,38.8,9,-9.579,0,3.84,78.2,0.0308999999999999,24.8,45.2,116.362,249191
Pink + White,Frank Ocean,77,Blonde,Urban Contemporary,r&b,urban contemporary,54.400000000000006,55.2,9,-7.45,1,9.91,67.0,0.00457,41.5,55.400000000000006,159.738,184516
Novacane,Frank Ocean,71,Novacane,Urban Contemporary,r&b,urban contemporary,76.2,50.8,3,-9.112,1,9.19,5.84,0.126,16.0,37.0,93.51,302347
Thinkin Bout You,Frank Ocean,75,channel ORANGE,PROJECT: Contemporary,r&b,urban contemporary,72.1,33.900000000000006,0,-11.195,1,5.319999999999999,40.9,0.153,9.73,20.0,129.83,200747
Swim Good,Frank Ocean,65,Swim Good,Urban Contemporary,r&b,urban contemporary,65.3,66.8,0,-8.183,1,8.81,0.116,0.269,7.31,71.1,160.048,257187
Lost,Frank Ocean,67,channel ORANGE,Urban Contemporary,r&b,urban contemporary,91.3,60.3,8,-4.892,1,22.6,2.72,0.0503,16.7,49.7,123.061,234093
Pink Matter,Frank Ocean,65,channel ORANGE,Urban Contemporary,r&b,urban contemporary,39.2,23.3,11,-11.012,0,5.87,95.1,0.0322,10.6,49.4,176.569,268813
Forrest Gump,Frank Ocean,65,channel ORANGE,Urban Contemporary,r&b,urban contemporary,70.1,41.7,6,-7.818,0,3.29,8.88,0.0648,37.5,18.6,95.003,194840
Nikes,Frank Ocean,72,Blonde,Urban Contemporary,r&b,urban contemporary,54.3,39.4,8,-9.637,1,8.64,69.5,0.0239,10.8,11.8,137.811,314075
Ivy,Frank Ocean,77,Blonde,Urban Contemporary,r&b,urban contemporary,56.7,38.8,9,-9.579,0,3.84,78.2,0.0308999999999999,24.8,45.2,116.362,249191
Solo,Frank Ocean,69,Blonde,Urban Contemporary,r&b,urban contemporary,44.4,28.7,5,-10.631,0,3.75,84.89999999999999,0.000282,16.1,24.6,124.027,257380
Good Guy,Frank Ocean,64,Blonde,Urban Contemporary,r&b,urban contemporary,51.3,13.1,0,-12.787,1,46.7,98.3,0.414,12.0,81.39999999999999,105.808,66786
Nights,Frank Ocean,78,Blonde,Urban Contemporary,r&b,urban contemporary,46.6,54.8,5,-9.362,0,11.8,42.0,0.000101,11.3,42.3,89.815,307151
White Ferrari,Frank Ocean,71,Blonde,Urban Contemporary,r&b,urban contemporary,44.4,9.24,0,-15.605,1,3.66,78.4,0.0,30.4,21.9,108.917,248808
Godspeed,Frank Ocean,66,Blonde,Urban Contemporary,r&b,urban contemporary,42.1,9.52,6,-12.561,1,4.79,93.1,0.0201,12.6,7.729999999999999,109.698,177922
Chanel,Frank Ocean,82,Chanel,Urban Contemporary,r&b,urban contemporary,77.60000000000001,50.3,0,-5.732,0,23.7,87.4,0.0,11.2,47.3,110.134,210285
Lens,Frank Ocean,61,Lens,Urban Contemporary,r&b,urban contemporary,68.10000000000001,33.300000000000004,9,-8.582,1,9.74,58.8,0.0,8.6,56.39999999999999,118.05,227655
Biking (Solo),Frank Ocean,59,Biking (Solo),Urban Contemporary,r&b,urban contemporary,64.0,54.8,7,-6.965,1,14.7,54.3,0.00031,30.3,18.1,148.077,212495
Provider,Frank Ocean,67,Provider,Urban Contemporary,r&b,urban contemporary,65.4,32.5,2,-11.925,1,28.2,74.0,0.00214,15.2,39.0,139.886,243238
Moon River,Frank Ocean,70,Moon River,Urban Contemporary,r&b,urban contemporary,24.0,11.6,0,-13.216,1,3.29,87.7,0.092,10.0,9.37,77.349,188324
Pink + White,Frank Ocean,77,Blonde,Ultimate Indie Presents... Best Indie Tracks of the 2010s,r&b,hip pop,54.400000000000006,55.2,9,-7.45,1,9.91,67.0,0.00457,41.5,55.400000000000006,159.738,184516
Thinkin Bout You,Frank Ocean,75,channel ORANGE,Ultimate Indie Presents... Best Indie Tracks of the 2010s,r&b,hip pop,72.1,33.900000000000006,0,-11.195,1,5.319999999999999,40.9,0.153,9.73,20.0,129.83,200747
In My Room,Frank Ocean,79,In My Room,Ultimate Indie Presents... Best Tracks of 2019,r&b,hip pop,86.1,64.7,7,-7.425,1,6.75,59.4,66.10000000000001,11.4,67.0,158.037,133680
Pilot Jones,Frank Ocean,55,channel ORANGE (Explicit Version),Neo-Soul,r&b,neo soul,39.4,43.3,8,-13.473,1,37.4,48.5,0.00781,81.69999999999999,39.4,118.988,184080
Monks,Frank Ocean,57,channel ORANGE,NEO-soul,r&b,neo soul,74.7,75.8,0,-4.743,0,17.9,5.21,0.0,21.4,60.1,102.02,200240
Chanel,Frank Ocean,82,Chanel,NEO-soul,r&b,neo soul,77.60000000000001,50.3,0,-5.732,0,23.7,87.4,0.0,11.2,47.3,110.134,210285
Lost,Frank Ocean,67,channel ORANGE,NEO-soul,r&b,neo soul,91.3,60.3,8,-4.892,1,22.6,2.72,0.0503,16.7,49.7,123.061,234093
Pink Matter,Frank Ocean,65,channel ORANGE,NEO-soul,r&b,neo soul,39.2,23.3,11,-11.012,0,5.87,95.1,0.0322,10.6,49.4,176.569,268813
Pink + White,Frank Ocean,77,Blonde,NEO-soul,r&b,neo soul,54.400000000000006,55.2,9,-7.45,1,9.91,67.0,0.00457,41.5,55.400000000000006,159.738,184516
Lens,Frank Ocean,61,Lens,NEO-soul,r&b,neo soul,68.10000000000001,33.300000000000004,9,-8.582,1,9.74,58.8,0.0,8.6,56.39999999999999,118.05,227655
Moon River,Frank Ocean,70,Moon River,NEO-soul,r&b,neo soul,24.0,11.6,0,-13.216,1,3.29,87.7,0.092,10.0,9.37,77.349,188324
Nights,Frank Ocean,78,Blonde,NEO-soul,r&b,neo soul,46.6,54.8,5,-9.362,0,11.8,42.0,0.000101,11.3,42.3,89.815,307151
Sweet Life,Frank Ocean,58,channel ORANGE (Explicit Version),Neo-Jazz Soul RnB & Afro,r&b,neo soul,47.9,55.8,11,-6.074,1,17.9,22.7,0.0,8.08,80.0,83.465,262680
Self Control,Frank Ocean,74,Blonde,Neo-Jazz Soul RnB & Afro,r&b,neo soul,57.2,20.9,8,-10.413,1,3.1300000000000003,76.5,0.0,35.6,44.6,80.069,249668
Lost,Frank Ocean,68,channel ORANGE (Explicit Version),Neo-Jazz Soul RnB & Afro,r&b,neo soul,91.3,60.3,8,-4.892,1,22.6,2.72,0.0503,16.7,49.7,123.061,234093
Hero,Frank Ocean,51,Three Artists. One Song,Sexy Soul 2020,r&b,neo soul,66.4,67.4,11,-8.307,0,3.02,1.82,20.3,7.39,23.4,104.002,165468
Don't Stop The Rock,Freestyle,39,Don't Stop The Rock,Electropop And Play,pop,electropop,95.1,73.6,10,-8.286,1,5.99,9.8,0.0217,30.7,55.8,121.075,330693
The Party Has Begun,Freestyle,28,Don't Stop The Rock,80's Freestyle/Disco Dance Party (Set Crossfade to 4-Seconds),latin,latin hip hop,86.7,67.80000000000001,5,-9.06,1,7.77,2.53,2.75,27.500000000000004,54.7,127.725,393107
It's Automatic,Freestyle,34,It's Automatic,80's Freestyle/Disco Dance Party (Set Crossfade to 4-Seconds),latin,latin hip hop,78.0,76.6,1,-7.752,1,3.46,0.194,0.334,7.75,75.0,124.884,351318
Lips Of An Angel,Hinder,71,Extreme Behavior,Permanent Wave,rock,permanent wave,47.6,73.6,2,-5.38,1,3.43,2.17,0.000108,20.3,25.1,129.084,261853
Better Than Me,Hinder,61,Extreme Behavior,Permanent Wave,rock,permanent wave,44.9,68.2,2,-5.295,0,2.9000000000000004,20.5,0.0,17.5,25.4,139.924,223533
Without You,Hinder,56,Take It To The Limit,Permanent Wave,rock,permanent wave,41.0,81.6,3,-3.83,1,3.3300000000000005,2.92,0.00201,12.9,28.8,136.014,232267
Lips Of An Angel,Hinder,71,Extreme Behavior,HARD ROCK CAFE,rock,hard rock,47.6,73.6,2,-5.38,1,3.43,2.17,0.000108,20.3,25.1,129.084,261853
Use Me,Hinder,45,Take It To The Limit,New Hard Rock,rock,hard rock,49.3,97.9,0,-3.08,1,7.22,0.0292,0.124,37.8,43.5,134.055,229733
Get Stoned,Hinder,60,Extreme Behavior,New Hard Rock,rock,hard rock,44.8,93.3,7,-4.082,0,4.21,0.0417,0.0453999999999999,21.9,50.5,75.991,218307
Billie Jean,Honeywagon,34,Songs From Neverland,Bluegrass Covers,r&b,hip pop,74.3,42.2,7,-11.887,0,3.31,54.1,0.000226,14.9,69.0,111.933,285920
Beat It,Honeywagon,31,Songs From Neverland,Bluegrass Covers,r&b,hip pop,69.3,41.2,2,-11.337,0,2.9000000000000004,11.5,0.0,8.95,53.900000000000006,138.024,214227
The Way You Make Me Feel,Honeywagon,30,Songs From Neverland,Bluegrass Covers,r&b,hip pop,66.7,57.4,2,-9.847,1,3.15,20.5,0.0,12.2,88.2,139.911,193093
Jump Around,House Of Pain,74,House of Pain (Fine Malt Lyrics),90's Hip Hop Ultimate Collection,rap,southern hip hop,85.39999999999999,71.0,4,-6.32,0,7.93,1.13,0.00872,16.6,81.8,106.894,214947
Put Your Head Out,House Of Pain,40,House of Pain (Fine Malt Lyrics),90's Hip Hop Ultimate Collection,rap,southern hip hop,82.69999999999999,67.60000000000001,7,-9.735,1,26.200000000000003,2.5700000000000003,0.00048,7.9,79.2,97.835,182160
Top O' the Morning to Ya,House Of Pain,48,House of Pain (Fine Malt Lyrics),90's Hip Hop Ultimate Collection,rap,southern hip hop,82.69999999999999,61.9,1,-10.173,0,11.0,0.365,1.1,33.7,73.0,111.083,216320
House and the Rising Son,House Of Pain,36,House of Pain (Fine Malt Lyrics),90's Hip Hop Ultimate Collection,rap,southern hip hop,90.2,52.400000000000006,8,-8.394,1,10.9,0.177,0.00133,8.540000000000001,55.3,92.986,219200
Shamrocks and Shenanigans,House Of Pain,43,House of Pain (Fine Malt Lyrics),90's Hip Hop Ultimate Collection,rap,southern hip hop,90.4,60.6,1,-6.122,1,28.6,29.6,0.0197,23.6,21.1,100.195,219107
No Role Modelz,J. Cole,82,2014 Forest Hills Drive,10er Playlist,pop,electropop,69.6,52.1,10,-8.465,0,33.2,30.2,0.0,5.65,45.8,100.0,292987
No Role Modelz,J. Cole,82,2014 Forest Hills Drive,Hip Hop Controller,rap,hip hop,69.6,52.1,10,-8.465,0,33.2,30.2,0.0,5.65,45.8,100.0,292987
MIDDLE CHILD,J. Cole,86,MIDDLE CHILD,Hip-Hop Favourites,rap,hip hop,83.7,36.4,8,-11.713,1,27.6,14.9,0.0,27.1,46.3,123.984,213594
Deja Vu,J. Cole,70,4 Your Eyez Only,"🔥💵 Hip Hop, Rap, Heavy 808's - New School",rap,southern hip hop,65.7,42.1,9,-11.378,1,41.2,35.2,0.0218,18.7,18.1,174.063,264747
MIDDLE CHILD,J. Cole,86,MIDDLE CHILD,Trap Americana,rap,trap,83.7,36.4,8,-11.713,1,27.6,14.9,0.0,27.1,46.3,123.984,213594
MIDDLE CHILD,J. Cole,86,MIDDLE CHILD,Chixtape 5 - Tory Lanez,r&b,urban contemporary,83.7,36.4,8,-11.713,1,27.6,14.9,0.0,27.1,46.3,123.984,213594
MIDDLE CHILD,J. Cole,86,MIDDLE CHILD,Hip pop,r&b,hip pop,83.7,36.4,8,-11.713,1,27.6,14.9,0.0,27.1,46.3,123.984,213594
Wet Dreamz,J. Cole,78,2014 Forest Hills Drive,Smooth Hip Hop,r&b,hip pop,50.4,70.5,6,-8.205,0,36.4,7.52,0.0,12.8,58.4,175.483,239320
Apparently,J. Cole,69,2014 Forest Hills Drive,Smooth Hip Hop,r&b,hip pop,80.10000000000001,54.3,5,-9.236,1,9.1,56.39999999999999,0.0,11.6,53.400000000000006,133.982,293040
Wet Dreamz,J. Cole,78,2014 Forest Hills Drive,Saxophone in Hip Hop - R&B Lounge - Jazz Rap,r&b,neo soul,50.4,70.5,6,-8.205,0,36.4,7.52,0.0,12.8,58.4,175.483,239320
Let Nas Down,J. Cole,56,Born Sinner,Saxophone in Hip Hop - R&B Lounge - Jazz Rap,r&b,neo soul,45.8,74.0,9,-5.65,0,24.5,2.56,0.0,29.6,37.0,79.255,277200
St. Tropez,J. Cole,61,2014 Forest Hills Drive,Neo-Jazz Soul RnB & Afro,r&b,neo soul,56.10000000000001,54.1,9,-9.818,0,7.109999999999999,5.4,3.71,6.2700000000000005,32.4,84.241,257920
Moonlight Bossa,Jazzinuf,53,Lapis Lazuli,Jazz Vibes,rap,hip hop,53.2,94.2,8,-5.425,0,9.65,16.6,18.2,21.8,59.9,179.825,141333
Soul Mates,Jazzinuf,52,Soul Mates,Lo-Fi Beats,rap,hip hop,51.7,50.9,3,-9.917,1,13.7,40.7,31.1,25.1,37.0,74.98,96343
Caffè Mocha,Jazzinuf,44,Dazzle,Sunny Beats,latin,tropical,87.9,54.400000000000006,0,-5.568,1,20.3,21.5,73.1,15.7,78.3,93.997,89361
Coconut Airline,Jazzinuf,42,Audio Bartending,Sunny Beats,latin,tropical,64.3,82.69999999999999,11,-9.572,0,18.5,5.9,94.1,37.0,89.1,83.032,163396
Moon and Tonic,Jazzinuf,44,Audio Bartending,Sunny Beats,latin,tropical,65.3,68.60000000000001,1,-10.433,1,27.4,25.5,77.4,11.8,94.6,85.045,121940
Bubbly,Jazzinuf,40,Audio Bartending,Sunny Beats,latin,tropical,76.9,52.2,11,-7.065,0,7.77,10.2,80.30000000000001,37.9,73.7,173.993,209763
Reflections (UOAK Remix),Jean Juan,30,Reflections (UOAK Remix),Deep Electronic Music 2020 & Progressive House,edm,progressive electro house,59.9,69.19999999999999,4,-6.347,1,3.29,24.5,0.0421,33.7,16.1,122.001,243934
Don't Forget Me,Jean Juan,40,Don't Forget Me,Deep Electronic Music 2020 & Progressive House,edm,progressive electro house,73.2,76.2,10,-7.234,0,3.69,13.5,0.859,14.000000000000002,53.8,107.014,165419
Reflections,Jean Juan,42,Reflections,Deep Electronic Music 2020 & Progressive House,edm,progressive electro house,66.2,71.6,1,-8.108,0,4.08,0.881,0.0916,15.1,14.099999999999998,120.955,193747
Only Me,Jean Juan,39,Only Me,Deep Electronic Music 2020 & Progressive House,edm,progressive electro house,64.2,84.5,1,-6.894,0,3.41,12.4,0.0125,7.52,47.1,123.975,168856
Little Black Dress,Jean Juan,33,Little Black Dress,Deep Electronic Music 2020 & Progressive House,edm,progressive electro house,57.9,77.9,7,-11.212,1,3.95,0.213,77.4,15.9,9.61,119.999,276000
Swimming Pools (Drank),Kendrick Lamar,7,Swimming Pools (Drank),BALLARE - رقص,pop,post-teen pop,65.60000000000001,44.6,1,-5.897,1,26.5,0.695,0.0419,8.799999999999999,20.3,74.543,247800
HUMBLE.,Kendrick Lamar,12,DAMN.,BALLARE - رقص,pop,post-teen pop,90.6,62.5,1,-6.779,0,9.03,0.0243,0.00323,9.75,42.3,150.018,177000
King Kunta,Kendrick Lamar,10,To Pimp A Butterfly,BALLARE - رقص,pop,post-teen pop,88.4,65.7,6,-4.569,0,9.77,0.5890000000000001,0.0,15.4,48.9,107.059,234693
HUMBLE.,Kendrick Lamar,84,DAMN.,10er Playlist,pop,electropop,90.8,62.1,1,-6.638,0,10.2,0.0282,0.00539,9.58,42.1,150.011,177000
HUMBLE.,Kendrick Lamar,84,DAMN.,Hip Hop Controller,rap,hip hop,90.8,62.1,1,-6.638,0,10.2,0.0282,0.00539,9.58,42.1,150.011,177000
LOVE. FEAT. ZACARI.,Kendrick Lamar,80,DAMN.,Hip Hop Controller,rap,hip hop,80.0,58.5,10,-7.343,1,9.24,26.4,0.0,15.3,77.9,126.058,213400
Poetic Justice,Kendrick Lamar,68,"good kid, m.A.A.d city (Deluxe)",Hip Hop Controller,rap,hip hop,77.9,57.2,6,-9.985,0,37.8,15.7,0.0,24.6,64.7,135.956,300160
LOYALTY. FEAT. RIHANNA.,Kendrick Lamar,73,DAMN.,Hip Hop Controller,rap,hip hop,65.8,53.5,9,-8.983,0,5.73,2.65,0.0,20.0,41.9,110.684,227360
m.A.A.d city,Kendrick Lamar,65,"good kid, m.A.A.d city (Deluxe)",Southern California Hip Hop Primer,rap,southern hip hop,48.7,72.89999999999999,2,-6.815,1,27.1,5.38,0.000407,44.0,21.7,91.048,350120
HUMBLE.,Kendrick Lamar,84,DAMN.,Southern California Hip Hop Primer,rap,southern hip hop,90.8,62.1,1,-6.638,0,10.2,0.0282,0.00539,9.58,42.1,150.011,177000
Backseat Freestyle,Kendrick Lamar,67,"good kid, m.A.A.d city (Deluxe)",Southern California Hip Hop Primer,rap,southern hip hop,54.6,65.10000000000001,1,-7.601,1,30.0,0.0739,0.0,23.5,64.60000000000001,77.878,212653
The Recipe - Bonus Track,Kendrick Lamar,60,"good kid, m.A.A.d city (Deluxe)",Southern California Hip Hop Primer,rap,southern hip hop,75.9,78.2,11,-6.975,0,7.41,0.0589,0.0,35.0,50.7,131.04,352853
HUMBLE.,Kendrick Lamar,12,DAMN.,◤ Hip Hop Dance Music – Urban – Trap – Breaking Locking Popping Bopping – WOD – World of Dance,rap,southern hip hop,90.6,62.5,1,-6.779,0,9.03,0.0243,0.00323,9.75,42.3,150.018,177000
DNA.,Kendrick Lamar,79,DAMN.,"🔥💵 Hip Hop, Rap, Heavy 808's - New School",rap,southern hip hop,63.8,52.3,1,-6.664,1,35.7,0.4539999999999999,0.0,8.42,42.2,139.913,185947
HUMBLE.,Kendrick Lamar,7,HUMBLE.,"🔥💵 Hip Hop, Rap, Heavy 808's - New School",rap,southern hip hop,90.7,59.1,1,-7.507,0,10.5,0.0359,0.00281,8.97,41.8,149.992,177604
XXX. FEAT. U2.,Kendrick Lamar,67,DAMN.,"🔥💵 Hip Hop, Rap, Heavy 808's - New School",rap,southern hip hop,56.8,61.9,1,-6.899,1,41.4,13.8,0.00016700000000000002,11.0,29.3,170.115,254200
ELEMENT.,Kendrick Lamar,72,DAMN.,"🔥💵 Hip Hop, Rap, Heavy 808's - New School",rap,southern hip hop,74.8,70.5,4,-4.547,0,48.5,20.4,0.0,24.6,48.3,189.891,208733
Swimming Pools (Drank),Kendrick Lamar,7,Swimming Pools (Drank),Hip-Hop 'n RnB,rap,southern hip hop,65.60000000000001,44.6,1,-5.897,1,26.5,0.695,0.0419,8.799999999999999,20.3,74.543,247800
A.D.H.D,Kendrick Lamar,15,Section.80,Hip-Hop 'n RnB,rap,southern hip hop,60.9,79.9,9,-6.883,1,24.0,33.0,0.0,10.8,58.2,157.74,215509
m.A.A.d city,Kendrick Lamar,67,"good kid, m.A.A.d city (Deluxe)",RAP Gangsta,rap,gangster rap,48.7,72.89999999999999,2,-6.815,1,27.1,5.38,0.000407,44.0,21.7,91.048,350120
Money Trees,Kendrick Lamar,66,"good kid, m.A.A.d city (Deluxe)",Chixtape 5 - Tory Lanez,r&b,urban contemporary,71.6,53.1,7,-7.355,1,12.2,7.03,0.0,22.4,34.4,71.994,386907
HUMBLE.,Kendrick Lamar,84,DAMN.,Chixtape 5 - Tory Lanez,r&b,urban contemporary,90.8,62.1,1,-6.638,0,10.2,0.0282,0.00539,9.58,42.1,150.011,177000
All The Stars (with SZA),Kendrick Lamar,79,Black Panther The Album Music From And Inspired By,PROJECT: Contemporary,r&b,urban contemporary,69.8,63.3,8,-4.946,1,5.970000000000001,6.05,0.0194,9.26,55.2,96.924,232187
LOVE. FEAT. ZACARI.,Kendrick Lamar,80,DAMN.,PROJECT: Contemporary,r&b,urban contemporary,80.0,58.5,10,-7.343,1,9.24,26.4,0.0,15.3,77.9,126.058,213400
LOYALTY. FEAT. RIHANNA.,Kendrick Lamar,73,DAMN.,PROJECT: Contemporary,r&b,urban contemporary,65.8,53.5,9,-8.983,0,5.73,2.65,0.0,20.0,41.9,110.684,227360
Swimming Pools (Drank),Kendrick Lamar,7,Swimming Pools (Drank),Urban/Trap - Contemporary RAP,r&b,urban contemporary,65.60000000000001,44.6,1,-5.897,1,26.5,0.695,0.0419,8.799999999999999,20.3,74.543,247800
m.A.A.d city,Kendrick Lamar,67,"good kid, m.A.A.d city (Deluxe)",Urban/Trap - Contemporary RAP,r&b,urban contemporary,48.7,72.89999999999999,2,-6.815,1,27.1,5.38,0.000407,44.0,21.7,91.048,350120
"Bitch, Don’t Kill My Vibe",Kendrick Lamar,64,"good kid, m.A.A.d city",Feeling Accomplished,r&b,hip pop,58.7,69.8,1,-8.948,1,9.43,1.52,0.0,44.2,9.85,133.954,310720
HUMBLE.,Kendrick Lamar,84,DAMN.,Hip pop,r&b,hip pop,90.8,62.1,1,-6.638,0,10.2,0.0282,0.00539,9.58,42.1,150.011,177000
DNA.,Kendrick Lamar,79,DAMN.,Hip pop,r&b,hip pop,63.8,52.3,1,-6.664,1,35.7,0.4539999999999999,0.0,8.42,42.2,139.913,185947
m.A.A.d city,Kendrick Lamar,67,"good kid, m.A.A.d city",Locker Room,edm,big room,48.7,72.89999999999999,2,-6.815,1,27.1,5.38,0.000407,44.0,21.7,91.048,350120
La Raza,Kid Frost,51,Hispanic Causing Panic,GTA San Andreas Radio Los Santos,rap,gangster rap,80.10000000000001,52.900000000000006,1,-14.875,1,9.62,4.06,0.0608999999999999,9.36,72.1,106.965,209067
La Raza,Kid Frost,51,Hispanic Causing Panic,Chicano Rap,latin,latin hip hop,80.10000000000001,52.900000000000006,1,-14.875,1,9.62,4.06,0.0608999999999999,9.36,72.1,106.965,209067
Ya Estuvo,Kid Frost,20,Hispanic Causing Panic,HIP-HOP: Latin Rap ['89-present],latin,latin hip hop,84.6,66.0,0,-12.988,1,17.8,14.2,0.0,22.9,92.3,101.991,245733
Como Tú (Magic Music Box),León Larregui,63,Solstis - De León Larregui,②⓪①⑨ mixed,rock,permanent wave,56.8,90.3,0,-7.647,1,9.82,0.0292,72.39999999999999,7.64,76.2,122.604,232120
Souvenir,León Larregui,62,Solstis - De León Larregui,②⓪①⑨ mixed,rock,permanent wave,59.4,57.8,4,-10.676,0,3.4000000000000004,67.9,12.3,10.5,53.6,77.481,239120
Locos,León Larregui,71,Voluma,②⓪①⑨ mixed,rock,permanent wave,72.39999999999999,64.60000000000001,10,-6.475,1,3.52,7.199999999999999,0.0157,9.23,95.7,112.019,177600
I,Lil Skies,81,Shelby,Electropop,pop,electropop,64.9,45.3,6,-7.28,1,8.5,62.7,0.0,11.6,43.1,99.183,181891
Nowadays (feat. Landon Cube),Lil Skies,76,Life of a Dark Rose,Sad Trap,rap,trap,74.5,64.60000000000001,6,-6.987,0,17.0,15.7,0.0,33.800000000000004,46.0,79.993,203908
I,Lil Skies,81,Shelby,Sad Trap,rap,trap,64.9,45.3,6,-7.28,1,8.5,62.7,0.0,11.6,43.1,99.183,181891
Play Wit Pussy,Mia X,10,Mama Drama,90s-2000s Southern Hip Hop / Crunk,rap,southern hip hop,82.3,63.9,1,-9.682,0,33.7,41.8,0.0,10.3,46.9,159.762,227200
You & Me,Mia X,8,Unlady Like,90s-2000s Southern Hip Hop / Crunk,rap,southern hip hop,66.3,47.4,1,-10.111,0,15.1,0.4349999999999999,2.92,13.7,54.0,159.849,278400
Bring It On,Mia X,14,Mama Drama,90s-2000s Southern Hip Hop / Crunk,rap,southern hip hop,73.7,89.2,2,-5.607,1,35.8,4.36,0.0,7.979999999999999,66.2,173.786,310827
Whatcha Wanna Do,Mia X,21,Mama Drama,90s-2000s Southern Hip Hop / Crunk,rap,southern hip hop,70.89999999999999,58.7,11,-8.582,0,10.7,0.441,0.0,14.000000000000002,31.3,84.94,280200
One More Night,Michael Kiwanuka,61,Love & Hate,Sexy Soul 2020,r&b,neo soul,68.4,76.4,6,-5.342,0,2.54,1.29,0.0171,14.099999999999998,94.4,107.806,233413
Any Day Will Do Fine,Michael Kiwanuka,29,Home Again,Sexy Soul 2020,r&b,neo soul,52.2,37.7,5,-11.692,0,3.32,62.6,0.0,11.8,37.4,104.968,220000
Cold Little Heart - Radio Edit,Michael Kiwanuka,71,Cold Little Heart (Radio Edit),Sexy Soul 2020,r&b,neo soul,62.9,57.99999999999999,7,-6.208,0,2.78,35.7,0.0353,43.6,65.5,110.264,210300
23,Mike WiLL Made-It,68,23,The Sound of Southern Hip Hop,rap,southern hip hop,85.9,59.9,9,-5.254,1,6.140000000000001,0.0362,0.00082,13.0,31.9,140.005,252520
Y'all Ain't Ready (feat. 2 Chainz),Mike WiLL Made-It,34,Ransom 2,"🔥💵 Hip Hop, Rap, Heavy 808's - New School",rap,southern hip hop,75.9,70.5,1,-5.21,1,22.3,0.8059999999999999,0.0,88.9,15.0,140.048,222657
Razzle Dazzle (feat. Future),Mike WiLL Made-It,39,Ransom 2,"🔥💵 Hip Hop, Rap, Heavy 808's - New School",rap,southern hip hop,76.9,60.3,1,-5.815,1,8.799999999999999,17.7,0.0,17.2,25.5,120.051,216041
"Gucci On My (feat. 21 Savage, YG & Migos)",Mike WiLL Made-It,60,Ransom 2,"🔥💵 Hip Hop, Rap, Heavy 808's - New School",rap,southern hip hop,93.4,35.9,1,-5.133,1,23.0,17.299999999999997,0.000811,15.2,8.86,140.004,274847
"Perfect Pint (feat. Kendrick Lamar, Gucci Mane & Rae Sremmurd)",Mike WiLL Made-It,62,Ransom 2,"🔥💵 Hip Hop, Rap, Heavy 808's - New School",rap,southern hip hop,74.1,56.2,4,-5.474,0,16.5,17.2,0.0,7.51,29.2,180.068,240926
"Runnin (with A$AP Rocky, A$AP Ferg & Nicki Minaj)",Mike WiLL Made-It,66,Creed II: The Album,RAP Gangsta,rap,gangster rap,54.50000000000001,97.5,10,-3.193,0,45.4,17.0,0.0,14.499999999999998,60.9,123.906,131674
Aries (YuGo) Part 2 (with Rae Sremmurd & Big Sean feat. Quavo & Pharrell),Mike WiLL Made-It,62,Aries (YuGo) Part 2 (with Rae Sremmurd & Big Sean feat. Quavo & Pharrell),Trap Americana,rap,trap,87.1,55.2,4,-4.953,0,5.09,12.8,0.0,27.200000000000003,27.0,141.973,273087
Work It,Missy Elliott,70,Under Construction,◤ Hip Hop Dance Music – Urban – Trap – Breaking Locking Popping Bopping – WOD – World of Dance,rap,southern hip hop,88.4,67.7,1,-5.603,1,28.3,7.779999999999999,0.0,7.32,58.4,101.868,263227
One Minute Man (feat. Ludacris),Missy Elliott,56,Miss E... So Addictive,◤ Hip Hop Dance Music – Urban – Trap – Breaking Locking Popping Bopping – WOD – World of Dance,rap,southern hip hop,62.2,66.9,9,-8.419,1,32.9,2.66,0.000297,15.2,56.99999999999999,93.839,252987
Bad Man,Missy Elliott,42,The Cookbook,◤ Hip Hop Dance Music – Urban – Trap – Breaking Locking Popping Bopping – WOD – World of Dance,rap,southern hip hop,84.0,74.7,4,-9.112,0,43.5,48.1,0.00155,10.4,40.5,120.848,312333
Work It,Missy Elliott,70,Under Construction,90s/00s Hip Hop & RnB,r&b,hip pop,88.4,67.7,1,-5.603,1,28.3,7.779999999999999,0.0,7.32,58.4,101.868,263227
Get Ur Freak On,Missy Elliott,70,Miss E... So Addictive,90s/00s Hip Hop & RnB,r&b,hip pop,79.7,75.0,0,-9.369,1,24.7,53.3,10.8,9.5,74.0,177.87,211120
Certo pra Você,MTK,32,Certo pra Você,Brisa Pop,r&b,hip pop,78.3,60.8,4,-6.913,0,3.54,16.6,0.0,10.7,64.0,117.988,211541
Me Diz,MTK,46,Me Diz,Brisa Pop,r&b,hip pop,66.8,42.0,3,-9.187,0,3.4000000000000004,72.0,0.0,8.37,78.10000000000001,124.051,193558
"Pode Me Esperar (feat. Meucci, Tasdan & Agatha)",MTK,54,"Pode Me Esperar (feat. Meucci, Tasdan & Agatha)",Brisa Pop,r&b,hip pop,68.89999999999999,68.10000000000001,11,-6.578,0,2.89,26.5,0.0,27.200000000000003,61.5,104.064,210012
Despedida (feat. Anna & RNT),MTK,45,Despedida (feat. Anna & RNT),Brisa Pop,r&b,hip pop,67.0,56.2,7,-6.036,0,3.5000000000000004,59.6,0.0,7.26,44.6,85.887,262587
Limbo (feat. Gilli),NODE,61,Limbo (feat. Gilli),DK rap,rap,hip hop,82.69999999999999,68.2,6,-5.837,1,10.2,9.88,0.0,22.5,84.39999999999999,130.009,169206
Mafiosa,NODE,53,Samme Vej,DK rap,rap,hip hop,82.89999999999999,71.7,3,-7.112,0,5.37,49.3,0.00399,7.670000000000001,75.4,119.943,191534
Ra Ta Ta Ta (feat. Stepz),NODE,55,Samme Vej,DK rap,rap,hip hop,66.5,73.5,5,-6.312,1,11.1,9.23,0.0,12.9,41.5,167.986,214055
Samme Vej,NODE,49,Samme Vej,DK rap,rap,hip hop,54.400000000000006,47.4,6,-9.491,1,28.1,46.5,0.0,15.2,44.3,100.157,129374
Ghettostjerne (feat. ZK),NODE,49,Samme Vej,DK rap,rap,hip hop,76.6,66.0,4,-5.673,0,11.7,28.8,0.0,9.27,46.2,91.999,196387
Running Up That Hill,Placebo,42,Best Of The Bands,Gothic / Industrial / Mittelalter / EBM / Futurepop / Gothik / Electropop,pop,electropop,43.1,45.8,10,-11.147,0,4.81,28.4,47.9,10.7,13.2,180.013,294093
Song to Say Goodbye,Placebo,57,Meds,L' ALBUM ROCK,rock,album rock,43.6,88.7,11,-4.748,1,7.99,0.613,0.509,9.93,43.7,165.033,216187
Meds,Placebo,55,Meds,L' ALBUM ROCK,rock,album rock,51.2,90.9,4,-4.643,0,10.4,9.75,0.02,9.43,28.3,155.139,175387
Special K,Placebo,55,Black Market Music,L' ALBUM ROCK,rock,album rock,39.7,94.2,1,-2.53,1,8.690000000000001,0.0226999999999999,24.0,14.000000000000002,35.6,158.99,232307
Every You Every Me,Placebo,66,Without You I'm Nothing,The Sound of Permanent Wave,rock,permanent wave,47.8,92.3,10,-7.547,1,5.69,0.0026999999999999,71.89999999999999,32.5,16.5,133.134,213800
This Picture,Placebo,59,Sleeping With Ghosts,Permanent Wave,rock,permanent wave,46.2,91.0,1,-7.198,1,3.5900000000000003,0.0085799999999999,4.69,8.63,61.6,155.69,214907
In the End (Lost Tapes),Röyksopp,45,In the End (Lost Tapes),Electro Pop | Electropop,pop,electropop,35.7,54.400000000000006,7,-10.399,1,3.71,1.59,78.4,6.39,14.6,114.957,376721
Do It Again,Röyksopp,36,Do It Again,Fitness Workout Electro | House | Dance | Progressive House,edm,electro house,61.7,67.4,5,-5.368,0,4.97,0.217,0.498,8.08,76.5,123.958,306440
Do It Again,Röyksopp,36,Do It Again,Fitness Workout Electro | House | Dance | Progressive House,edm,progressive electro house,61.7,67.4,5,-5.368,0,4.97,0.217,0.498,8.08,76.5,123.958,306440
The Girl and the Robot - Spencer & Hill Remix,Röyksopp,16,The Girl And The Robot,Electro/Progressive/Club House,edm,progressive electro house,84.39999999999999,65.0,9,-8.446,0,17.5,12.0,21.2,6.64,29.2,125.967,367733
Beautiful Girls,Sean Kingston,77,Beautiful Girls,post teen pop,pop,post-teen pop,76.2,66.10000000000001,1,-6.075,0,6.87,15.0,0.0,25.6,76.9,130.009,225373
Fire Burning,Sean Kingston,69,Tomorrow,Post-teen pop,pop,post-teen pop,83.89999999999999,80.4,1,-2.513,1,3.29,1.92,0.0,33.1,88.8,122.973,239987
Party Like It's 1999,Soul&Roll,15,I Want to Know Who I Am,80's Songs | Top 💯 80s Music Hits,pop,electropop,87.2,51.9,7,-7.302,1,6.819999999999999,31.2,0.0338,4.53,78.3,120.006,160625
Working 9 to 5,Soul&Roll,13,Slow Journey,80's Songs | Top 💯 80s Music Hits,pop,electropop,80.30000000000001,38.7,6,-5.875,1,3.87,34.599999999999994,0.0,9.13,73.7,106.963,164607
I Wanna Be with You Everywhere,Soul&Roll,30,I Want to Know Who I Am,80's Songs | Top 💯 80s Music Hits,pop,electropop,69.69999999999999,53.900000000000006,4,-8.402,1,3.1,30.1,0.196,31.2,82.89999999999999,114.984,154435
Don't Stop Believing,Soul&Roll,33,Slow Journey,Rock Ballads 80s 90s | Best Rock Love Songs 80's 90's Music Hits,rock,hard rock,73.6,57.6,4,-6.352,1,3.01,22.9,0.00573,11.7,26.6,126.979,280634
I Wanna Be with You Everywhere,Soul&Roll,30,I Want to Know Who I Am,Rock Ballads 80s 90s | Best Rock Love Songs 80's 90's Music Hits,rock,hard rock,69.69999999999999,53.900000000000006,4,-8.402,1,3.1,30.1,0.196,31.2,82.89999999999999,114.984,154435
Should Have Known Better,Sufjan Stevens,65,Carrie & Lowell,Ultimate Indie Presents... Best Indie Tracks of the 2010s,pop,dance pop,57.1,17.2,7,-20.7,1,3.18,97.9,27.500000000000004,12.4,29.7,90.972,307698
Mystery of Love,Sufjan Stevens,67,Call Me By Your Name (Original Motion Picture Soundtrack),Urban contemporary,r&b,urban contemporary,36.5,27.3,4,-16.526,0,3.8,94.0,43.1,10.9,23.8,132.285,248965
Should Have Known Better,Sufjan Stevens,65,Carrie & Lowell,Ultimate Indie Presents... Best Indie Tracks of the 2010s,r&b,hip pop,57.1,17.2,7,-20.7,1,3.18,97.9,27.500000000000004,12.4,29.7,90.972,307698
Love and War,Tamar Braxton,53,Love and War,The Sound of Urban Contemporary,r&b,urban contemporary,27.0,57.99999999999999,8,-5.717,0,3.9,46.9,0.0,34.300000000000004,24.2,179.919,241920
Thank You Lord,Tamar Braxton,27,Love and War,Gospel,r&b,urban contemporary,43.1,72.3,5,-5.221,1,12.5,67.4,0.0,32.5,49.5,82.3,199947
Sleigh Ride,Tamar Braxton,42,Winter Loversland,Christmas Soul,r&b,neo soul,71.5,65.0,2,-5.615,1,16.3,19.6,0.0,31.9,51.0,89.949,117520
Territory,The Blaze,64,Territory,Ultimate Indie Presents... Best Indie Tracks of the 2010s,pop,dance pop,56.3,44.0,9,-11.943,0,8.219999999999999,28.6,68.30000000000001,26.9,21.3,120.009,276373
Juvenile,The Blaze,59,Territory,Permanent wave 🌊,rock,permanent wave,63.0,55.400000000000006,9,-9.675,0,2.56,0.393,82.89999999999999,14.499999999999998,11.9,127.013,203693
Territory,The Blaze,64,Territory,Ultimate Indie Presents... Best Indie Tracks of the 2010s,r&b,hip pop,56.3,44.0,9,-11.943,0,8.219999999999999,28.6,68.30000000000001,26.9,21.3,120.009,276373
Heaven,The Blaze,62,Dancehall,Electro Posé - Discoveries,edm,electro house,61.3,46.1,1,-10.493,0,3.1300000000000003,2.5700000000000003,75.0,7.76,8.37,125.066,219280
Favorite Liar,The Wrecks,57,We Are The Wrecks,Indie Poptimism,pop,indie poptimism,64.0,72.2,9,-3.489,1,3.51,1.96,0.00127,12.8,31.7,119.916,242307
Freaking Out,The Wrecks,53,Freaking Out,"Classic Rock 70s 80s 90s, Rock Classics - 70s Rock, 80s Rock, 90s Rock Rock  Classicos",rock,classic rock,54.900000000000006,86.5,1,-3.486,0,6.25,0.0482,0.0,5.12,43.4,140.017,199840
Freaking Out,The Wrecks,53,Freaking Out,"Classic Rock 70s 80s 90s, Rock Classics - 70s Rock, 80s Rock, 90s Rock Rock  Classicos",rock,hard rock,54.900000000000006,86.5,1,-3.486,0,6.25,0.0482,0.0,5.12,43.4,140.017,199840
On Hold,The xx,65,I See You,Ultimate Indie Presents... Best Indie Tracks of the 2010s,pop,dance pop,72.3,66.9,0,-6.784,1,3.4799999999999995,5.220000000000001,19.2,10.9,35.0,125.051,224133
Intro,The xx,72,xx,Indie/Jazz Poptimism,pop,indie poptimism,61.7,77.8,9,-8.871,0,2.7,45.9,92.5,12.8,15.2,100.363,127920
Crystalised,The xx,66,xx,Indie/Jazz Poptimism,pop,indie poptimism,76.3,48.4,11,-12.368,0,3.11,81.2,39.3,8.41,41.6,122.913,201947
Blood Red Moon (Demo),The xx,43,Basic Space,Indie/Jazz Poptimism,pop,indie poptimism,78.10000000000001,45.6,0,-10.837,1,4.31,82.0,78.60000000000001,7.84,22.9,119.988,133267
Islands,The xx,62,xx,Indie/Jazz Poptimism,pop,indie poptimism,87.1,47.2,4,-11.077,1,7.56,74.0,28.6,14.499999999999998,70.7,124.04,160720
I Dare You,The xx,63,I See You,Music&Other Drugs,pop,indie poptimism,75.2,54.3,1,-9.483,1,3.98,62.3,7.06,10.7,28.2,126.001,233280
On Hold,The xx,7,On Hold,Deep-deep Bubble Pop,pop,indie poptimism,72.5,66.9,0,-6.582,1,3.51,5.71,15.9,10.7,33.800000000000004,125.046,224133
On Hold,The xx,65,I See You,Ultimate Indie Presents... Best Indie Tracks of the 2010s,r&b,hip pop,72.3,66.9,0,-6.784,1,3.4799999999999995,5.220000000000001,19.2,10.9,35.0,125.051,224133
EDM O' CLOCK,TV Noise,50,EDM O' CLOCK,Nasty Bits,edm,electro house,80.5,89.5,1,-3.527,1,10.9,0.159,12.4,44.0,19.6,126.042,148571
Ratata,TV Noise,38,Bring It Back EP,Nasty Bits,edm,electro house,89.3,74.0,10,-2.948,0,11.4,0.179,0.00399,7.340000000000001,64.4,127.978,162899
Rave,TV Noise,42,Rave,Electro House,edm,electro house,78.9,92.6,1,-3.777,0,27.3,0.0109,0.00279,32.1,59.9,126.038,171429
Lasers,TV Noise,41,Lasers,Electro House,edm,electro house,75.9,85.1,6,-3.796,1,15.8,0.02,9.41,16.0,15.1,125.968,177143
Mumble,TV Noise,42,Mumble,Electro House,edm,electro house,75.0,91.8,0,-2.993,1,11.9,0.0714,0.609,30.3,39.4,126.015,149524
Fire,TV Noise,39,Fire,Electro House,edm,electro house,75.1,88.1,4,-3.422,0,19.7,0.98,0.0151,36.5,44.9,128.016,154754
Bring It Back,TV Noise,39,Bring It Back EP,Electro House,edm,electro house,80.80000000000001,92.5,6,-2.855,1,18.3,0.264,21.7,13.4,23.4,126.099,170516
808,TV Noise,34,808,Electro House,edm,electro house,73.0,96.9,1,-4.34,1,11.8,0.038,17.9,15.9,25.9,127.968,154922
Freaky All Night,TV Noise,33,Freaky All Night,Electro House,edm,electro house,75.3,95.9,1,-2.549,1,17.9,0.549,0.0,27.800000000000004,75.1,126.046,154762
Weird,TV Noise,29,Weird,Electro House,edm,electro house,90.7,91.7,1,-4.5,1,11.9,0.0716,17.5,4.48,44.5,126.039,164762
Rhythm,TV Noise,30,Bring It Back EP,Electro House,edm,electro house,80.60000000000001,82.6,11,-5.413,0,9.43,0.0176,33.2,8.15,43.5,126.024,260952
Scream,TV Noise,29,Scream,Electro House,edm,electro house,64.9,92.4,1,-3.422,1,5.57,0.0648,29.9,10.1,69.1,128.02,162656
Ratata,TV Noise,38,Bring It Back EP,PAROOKAVILLE - Big Room,edm,big room,89.3,74.0,10,-2.948,0,11.4,0.179,0.00399,7.340000000000001,64.4,127.978,162899
EDM O' CLOCK,TV Noise,50,EDM O' CLOCK,PAROOKAVILLE - Big Room,edm,big room,80.5,89.5,1,-3.527,1,10.9,0.159,12.4,44.0,19.6,126.042,148571
Hannah Hunt,Vampire Weekend,62,Modern Vampires of the City,Ultimate Indie Presents... Best Indie Tracks of the 2010s,pop,dance pop,34.5,31.3,4,-10.098,1,6.81,71.7,0.0822,10.0,16.400000000000002,207.969,237973
White Sky,Vampire Weekend,50,Contra,BALLARE - رقص,pop,post-teen pop,57.2,68.4,9,-5.64,1,6.49,11.4,0.7849999999999999,36.4,90.8,135.926,178667
A-Punk,Vampire Weekend,69,Vampire Weekend,Permanent Wave,rock,permanent wave,55.1,82.1,2,-4.489,1,5.390000000000001,1.02,4.38,15.3,84.2,174.923,137760
Hannah Hunt,Vampire Weekend,62,Modern Vampires of the City,Ultimate Indie Presents... Best Indie Tracks of the 2010s,r&b,hip pop,34.5,31.3,4,-10.098,1,6.81,71.7,0.0822,10.0,16.400000000000002,207.969,237973
Sunflower (feat. Steve Lacy),Vampire Weekend,65,Father of the Bride,Ultimate Indie Presents... Best Tracks of 2019,r&b,hip pop,86.3,57.6,8,-5.691,1,5.67,40.6,0.8240000000000001,14.099999999999998,93.2,100.03,137600
Harmony Hall,Vampire Weekend,70,Father of the Bride,Ultimate Indie Presents... Best Tracks of 2019,r&b,hip pop,65.3,76.0,11,-6.086,1,4.79,47.5,0.0128999999999999,9.17,60.0,98.008,308733
BOOM,X Ambassadors,62,ORION,Electropop,pop,electropop,73.2,59.4,11,-5.911,0,6.93,0.8049999999999999,3.01,8.02,67.60000000000001,107.996,164587
OPTIMISTIC,X Ambassadors,46,OPTIMISTIC,"Indie Poptimism (PUBLIC, The Band CAMINO, lovelytheband)",pop,indie poptimism,34.599999999999994,92.8,0,-5.074,1,8.51,0.244,0.0,68.5,41.6,163.949,165593
HOLD YOU DOWN,X Ambassadors,62,ORION,2019 in Indie Poptimism,pop,indie poptimism,57.7,62.7,1,-5.553,0,5.33,4.91,0.000124,7.66,44.6,78.96,197933
Unsteady,X Ambassadors,77,VHS,EDM TROPICAL,latin,tropical,38.9,66.5,0,-6.169,1,6.44,17.8,0.0732,11.6,19.9,117.055,193547
Unsteady,X Ambassadors,59,VHS,Urban contemporary,r&b,urban contemporary,38.9,66.5,0,-6.169,1,6.44,17.8,0.0732,11.6,19.9,117.055,193547
JOYFUL,X Ambassadors,46,JOYFUL,Today's Hits (Clean),r&b,hip pop,25.7,45.1,9,-6.577,1,3.26,9.17,0.00214,8.690000000000001,11.2,77.439,232560
Renegades - Stash Konig Remix,X Ambassadors,49,Renegades (Stash Konig Remix),@deniceemoberg EDM - POP REMIXES,edm,pop edm,66.3,69.6,7,-5.94,1,11.0,0.0523,0.000118,66.10000000000001,78.9,127.985,248200
Frontlines,Zeds Dead,58,Northern Lights,Indie Poptimism,pop,indie poptimism,40.7,92.5,11,-4.155,0,7.470000000000001,1.13,0.25,19.2,11.9,151.993,214733
Stardust,Zeds Dead,44,Northern Lights,Indie Poptimism,pop,indie poptimism,65.9,72.89999999999999,3,-5.839,0,4.98,14.6,0.0851,8.98,25.4,121.989,258827
Save My Grave,Zeds Dead,54,We Are Deadbeats (Vol. 4),Trap Nation,rap,trap,60.4,74.2,8,-8.101,0,3.15,1.47,0.0733,15.8,12.3,108.021,222387
Shake,Zeds Dead,49,Shake,Nasty Bits,edm,electro house,50.1,91.3,8,-3.68,1,6.569999999999999,0.00178,32.4,18.0,36.6,75.026,278400
Sound Of The Underground,Zeds Dead,48,Sound Of The Underground,ELECTRO HOUSE 2020,edm,electro house,67.5,92.5,1,-0.247,1,10.4,0.3229999999999999,75.8,11.2,19.2,170.084,248480
